State,Names,Gender,Race and Ethnicity
Alaska,"Burgess, Timothy Mark",Male,White
Alaska,"Gleason, Sharon Louise",Female,White
Alaska,"Holland, H[ezekiah] Russel",Male,White
Alaska,"Kindred, Joshua Michael",Male,White
Alaska,"Sedwick, John W.",Male,White
Alaska,"Singleton, James Keith, Jr.",Male,White
Alaska,"Beistline, Ralph R.",Male,White
Arizona,"Bolton, Susan Ritchie",Female,White
Arizona,"Zipps, Jennifer Guerin",Female,White
Arizona,"Zapata, Frank R.",Male,Hispanic
Arizona,"Wake, Neil Vincent",Male,White
Arizona,"Tuchi, John Joseph",Male,White
Arizona,"Teilborg, James A.",Male,White
Arizona,"Snow, G. Murray",Male,White
Arizona,"Silver, Roslyn O.",Female,White
Arizona,"Humetewa, Diane Joyce",Female,Indigenous American
Arizona,"Jorgenson, Cindy K.",Female,White
Arizona,"Lanza, Dominic William",Male,White
Arizona,"Liburdi, Michael Thomas",Male,White
Arizona,"Logan, Steven Paul",Male,African American
Arizona,"Márquez, Rosemary",Female,Hispanic
Arizona,"Martone, Frederick J.",Male,White
Arizona,"McNamee, Stephen M.",Male,White
Arizona,"Soto, James Alan",Male,
Arizona,"Rash, Scott Hugh",Male,White
Arizona,"Rayes, Douglas Leroy",Male,White
Arizona,"Brnovich, Susan Marie",Female,White
Arizona,"Bury, David C.",Male,White
Arizona,"Campbell, David G.",Male,White
Arizona,"Collins, Raner Christercunean",Male,African American
Arizona,"Hinderaker, John Charles",Male,White
Central California,"Holcomb, John William",Male,White
Central California,"Pregerson, Dean D.",Male,White
Central California,"Scarsi, Mark Christopher",Male,White
Central California,"Selna, James V.",Male,White
Central California,"Slaughter, Fred Wallace",Male,African American
Central California,"Snyder, Christina A.",Female,White
Central California,"Staton, Josephine L.",Female,White
Central California,"Walter, John F.",Male,White
Central California,"Vera, Hernán Diego",Male,Hispanic
Central California,"Phillips, Virginia A.",Female,White
Central California,"Wilson, Stephen Victor",Male,White
Central California,"Wright, Otis D. II",Male,African American
Central California,"Wu, George H.",Male,
Central California,"Sykes, Sunshine Suzanne",Female,Indigenous American
Central California,"Olguin, Fernando Manzano",Male,Hispanic
Central California,"Marshall, Consuelo Bland",Female,African American
Central California,"Kronstadt, John Arnold",Male,White
Central California,"Hatter, Terry J., Jr.",Male,African American
Central California,"Gutierrez, Philip S.",Male,Hispanic
Central California,"Gee, Dolly Maizie",Female,
Central California,"Garnett, Sherilyn Peace",Female,African American
Central California,"Frimpong, Maame Ewusi-Mensah",Female,African American
Central California,"Fitzgerald, Michael Walter",Male,White
Central California,"Kato, Kenly Kiya",Female,
Central California,"Fairbank, Valerie Baker",Female,White
Central California,"Hsu, Wesley Liu",Male,
Central California,"Carter, David O.",Male,White
Central California,"Blumenfeld, Stanley, Jr.",Male,White
Central California,"Birotte, Andre, Jr.",Male,African American
Central California,"Bernal, Jesus Gilberto",Male,Hispanic
Central California,"Anderson, Percy",Male,African American
Central California,"Almadani, Monica Ramirez",Female,Hispanic
Central California,"Aenlle-Rocha, Fernando Lazaro",Male,Hispanic
Central California,"Keller, William Duffy",Male,White
Central California,"Klausner, Robert Gary",Male,White
Central California,"Carney, Cormac J.",Male,White
Central California,"Fischer, Dale S.",Female,White
Central Illinois,"Bruce, Colin Stirling",Male,White
Central Illinois,"Darrow, Sara Lynn",Female,White
Central Illinois,"Lawless, Colleen Rae",Female,White
Central Illinois,"McDade, Joe Billy",Male,African American
Central Illinois,"Mihm, Michael Martin",Male,White
Central Illinois,"Myerscough, Sue Ellen",Female,White
Central Illinois,"Shadid, James Edward",Male,White
Colorado,"Arguello, Christine M.",Female,Hispanic
Colorado,"Babcock, Lewis Thornton",Male,White
Colorado,"Blackburn, Robert E.",Male,White
Colorado,"Rodriguez, Regina Marie",Female,
Colorado,"Domenico, Daniel Desmond",Male,White
Colorado,"Gallagher, Gordon Paul",Male,White
Colorado,"Jackson, Richard Brooke",Male,White
Colorado,"Kane, John L., Jr.",Male,White
Colorado,"Krieger, Marcia S.",Female,White
Colorado,"Martinez, William Joseph",Male,Hispanic
Colorado,"Wang, Nina Nin-Yuen",Female,
Colorado,"Sweeney, Charlotte Noelle",Female,White
Colorado,"Moore, Raymond Paul",Male,African American
Colorado,"Brimmer, Philip A.",Male,White
Connecticut,"Meyer, Jeffrey Alker",Male,White
Connecticut,"Dooley, Kari Anne",Female,White
Connecticut,"Hall, Janet C.",Female,White
Connecticut,"Shea, Michael P.",Male,White
Connecticut,"Covello, Alfred V.",Male,White
Connecticut,"Chatigny, Robert N.",Male,White
Connecticut,"Bryant, Vanessa Lynne",Female,African American
Connecticut,"Bolden, Victor Allen",Male,African American
Connecticut,"Arterton, Janet Bond",Female,White
Connecticut,"Thompson, Alvin W.",Male,African American
Connecticut,"Underhill, Stefan R.",Male,White
Connecticut,"Oliver, Vernon Dion",Male,African American
Connecticut,"Williams, Omar Antonio",Male,
Connecticut,"Nagala, Sarala Vidya",Female,
D Columbia,"Kollar-Kotelly, Colleen",Female,White
D Columbia,"Lamberth, Royce C.",Male,White
D Columbia,"Leon, Richard J.",Male,White
D Columbia,"McFadden, Trevor Neil",Male,White
D Columbia,"Mehta, Amit Priyavadan",Male,
D Columbia,"Moss, Randolph Daniel",Male,White
D Columbia,"Nichols, Carl John",Male,White
D Columbia,"Reyes, Ana Cecilia",Female,Hispanic
D Columbia,"Roberts, Richard W.",Male,African American
D Columbia,"Kennedy, Henry Harold, Jr.",Male,African American
D Columbia,"Boasberg, James Emanuel",Male,White
D Columbia,"Bates, John D.",Male,White
D Columbia,"Kelly, Timothy James",Male,White
D Columbia,"Jackson, Amy Berman",Female,White
D Columbia,"Huvelle, Ellen Segal",Female,White
D Columbia,"Howell, Beryl Alaine",Female,White
D Columbia,"Hogan, Thomas Francis",Male,White
D Columbia,"AliKhan, Loren Linn",Female,
D Columbia,"Friedrich, Dabney Langhorne",Female,White
D Columbia,"Friedman, Paul L.",Male,White
D Columbia,"Cooper, Christopher Reid",Male,African American
D Columbia,"Contreras, Rudolph",Male,Hispanic
D Columbia,"Collyer, Rosemary M.",Female,White
D Columbia,"Cobb, Jia Michelle",Female,African American
D Columbia,"Chutkan, Tanya Sue",Female,African American
D Columbia,"Sullivan, Emmet G.",Male,African American
D Columbia,"Walton, Reggie B.",Male,African American
D Columbia,"Green, Joyce Hens",Female,White
Delaware,"Connolly, Colm Felix",Male,White
Delaware,"Andrews, Richard Gibson",Male,White
Delaware,"Hall, Jennifer Lynne",Female,White
Delaware,"Longobardi, Joseph J.",Male,White
Delaware,"Noreika, Maryellen",Female,White
Delaware,"Williams, Gregory Brian",Male,African American
Eastern North Carolina,"Flanagan, Louise W.",Female,White
Eastern North Carolina,"Britt, William Earl",Male,White
Eastern North Carolina,"Dever, James C. III",Male,White
Eastern North Carolina,"Howard, Malcolm Jones",Male,White
Eastern North Carolina,"Myers, Richard Ernest II",Male,
Eastern North Carolina,"Boyle, Terrence William",Male,White
Eastern Pennsylvania,"Marston, Karen Spencer",Female,White
Eastern Pennsylvania,"Savage, Timothy J.",Male,White
Eastern Pennsylvania,"Sánchez, Juan Ramon",Male,Hispanic
Eastern Pennsylvania,"Rufe, Cynthia M.",Female,White
Eastern Pennsylvania,"Quiñones Alejandro, Nitza Ileana",Female,Hispanic
Eastern Pennsylvania,"Davis, Legrome D.",Male,African American
Eastern Pennsylvania,"Diamond, Paul Steven",Male,White
Eastern Pennsylvania,"Pratter, Gene E.K.",Female,White
Eastern Pennsylvania,"Perez, Mia Roberts",Female,
Eastern Pennsylvania,"Pappert, Gerald John",Male,White
Eastern Pennsylvania,"Padova, John R.",Male,White
Eastern Pennsylvania,"Murphy, John Frank",Male,White
Eastern Pennsylvania,"Buckwalter, Ronald Lawrence",Male,White
Eastern Pennsylvania,"DuBois, Jan Ely",Male,White
Eastern Pennsylvania,"Gallagher, John Michael",Male,White
Eastern Pennsylvania,"Goldberg, Mitchell S.",Male,White
Eastern Pennsylvania,"Hodge, Kelley Brisbon",Female,African American
Eastern Pennsylvania,"Bartle, Harvey III",Male,White
Eastern Pennsylvania,"Baylson, Michael M.",Male,White
Eastern Pennsylvania,"Schiller, Berle M.",Male,White
Eastern Pennsylvania,"Jones, C. Darnell II",Male,African American
Eastern Pennsylvania,"Kearney, Mark A.",Male,White
Eastern Pennsylvania,"Beetlestone, Wendy",Female,
Eastern Pennsylvania,"Kelly, Robert F.",Male,White
Eastern Pennsylvania,"Kenney, Chad Francis, Sr.",Male,White
Eastern Pennsylvania,"McHugh, Gerald Austin, Jr.",Male,White
Eastern Pennsylvania,"Leeson, Joseph F., Jr.",Male,White
Eastern Pennsylvania,"Schmehl, Jeffrey L.",Male,White
Eastern Pennsylvania,"Brody, Anita Blumstein",Female,White
Eastern Pennsylvania,"Slomsky, Joel Harvey",Male,White
Eastern Pennsylvania,"Surrick, R[ichard] Barclay",Male,White
Eastern Pennsylvania,"Tucker, Petrese B.",Female,African American
Eastern Pennsylvania,"Wolson, Joshua David",Male,White
Eastern Pennsylvania,"Yohn, William Hendricks, Jr.",Male,White
Eastern Pennsylvania,"Younge, John Milton",Male,African American
Eastern Pennsylvania,"Scott, Kai Niambi",Female,African American
Eastern Tennessee,"Atchley, Charles Edward, Jr.",Male,White
Eastern Tennessee,"Collier, Curtis Lynn",Male,African American
Eastern Tennessee,"Corker, Clifton Leland",Male,White
Eastern Tennessee,"Jordan, Robert Leon",Male,White
Eastern Tennessee,"Varlan, Thomas A.",Male,White
Eastern Tennessee,"Phillips, Thomas W.",Male,White
Eastern Tennessee,"Greer, J. Ronnie",Male,White
Eastern Tennessee,"Edgar, Robert Allan",Male,White
Eastern Tennessee,"Crytzer, Katherine Amber",Female,White
Eastern Tennessee,"McDonough, Travis Randall",Male,White
Eastern Texas,"Truncale, Michael Joseph",Male,White
Eastern Texas,"Schroeder, Robert William III",Male,White
Eastern Texas,"Clark, Ron",Male,White
Eastern Texas,"Mazzant, Amos Louis III",Male,White
Eastern Texas,"Barker, J. Campbell",Male,White
Eastern Texas,"Crone, Marcia A.",Female,White
Eastern Texas,"Gilstrap, James Rodney",Male,White
Eastern Texas,"Schell, Richard A.",Male,White
Eastern Texas,"Kernodle, Jeremy Daniel",Male,White
Eastern Texas,"Jordan, Sean D.",Male,White
Eastern Virginia,"Hilton, Claude M.",Male,White
Eastern Virginia,"Allen, Arenda Lauretta Wright",Female,African American
Eastern Virginia,"Alston, Rossie David, Jr.",Male,African American
Eastern Virginia,"Davis, Mark Steven",Male,White
Eastern Virginia,"Brinkema, Leonie M.",Female,White
Eastern Virginia,"Young, Roderick Charles",Male,African American
Eastern Virginia,"Walker, Jamar Kentrell",Male,African American
Eastern Virginia,"Trenga, Anthony John",Male,White
Eastern Virginia,"Smith, Rebecca Beach",Female,White
Eastern Virginia,"Payne, Robert E.",Male,White
Eastern Virginia,"Novak, David John",Male,White
Eastern Virginia,"Nachmanoff, Michael Stefan",Male,White
Eastern Virginia,"Lauck, M[ary] Hannah",Female,White
Eastern Virginia,"Hanes, Elizabeth Wilson",Female,White
Eastern Virginia,"Hudson, Henry E.",Male,White
Eastern Virginia,"Ellis, Thomas Selby III",Male,White
Eastern Virginia,"Jackson, Raymond Alvin",Male,African American
Eastern Virginia,"Giles, Patricia Tolliver",Female,African American
Eastern Virginia,"Gibney, John Adrian, Jr.",Male,White
Eastern Washington,"Bastian, Stanley Allen",Male,White
Eastern Washington,"Dimke, Mary Katherine",Female,White
Eastern Washington,"Nielsen, William Fremming",Male,White
Eastern Washington,"Peterson, Rosanna Malouf",Female,White
Eastern Washington,"Rice, Thomas Owen",Male,White
Eastern Washington,"Shea, Edward F.",Male,White
Eastern Washington,"Quackenbush, Justin Lowe",Male,White
Eastern Washington,"Whaley, Robert H.",Male,White
Eastern Washington,"Suko, Lonny R.",Male,White
Eastern Wisconsin,"Adelman, Lynn S.",Male,White
Eastern Wisconsin,"Griesbach, William C.",Male,White
Eastern Wisconsin,"Ludwig, Brett Harry",Male,White
Eastern Wisconsin,"Pepper, Pamela",Female,White
Eastern Wisconsin,"Stadtmueller, Joseph Peter",Male,White
Eastern Arkansas,"Baker, Kristine Gerhard",Female,White
Eastern Arkansas,"Marshall, Denzil Price, Jr.",Male,White
Eastern Arkansas,"Miller, Brian Stacy",Male,African American
Eastern Arkansas,"Moody, James Maxwell, Jr.",Male,White
Eastern Arkansas,"Rudofsky, Lee Philip",Male,White
Eastern Arkansas,"Wilson, Billy Roy",Male,White
Eastern Arkansas,"Wright, Susan Webber",Female,White
Eastern California,"Ishii, Anthony W.",Male,
Eastern California,"Burrell, Garland Ellis, Jr.",Male,African American
Eastern California,"Calabretta, Daniel Joe Powell",Male,White
Eastern California,"Drozd, Dale Alan",Male,White
Eastern California,"England, Morrison C., Jr.",Male,African American
Eastern California,"Mendez, John A.",Male,Hispanic
Eastern California,"Thurston, Jennifer Leigh",Female,White
Eastern California,"Shubb, William B.",Male,White
Eastern California,"O'Neill, Lawrence Joseph",Male,White
Eastern California,"Nunley, Troy Lynne",Male,African American
Eastern California,"Mueller, Kimberly Jo",Female,White
Eastern Kentucky,"Van Tatenhove, Gregory Frederick",Male,White
Eastern Kentucky,"Reeves, Danny C.",Male,White
Eastern Kentucky,"Bertelsman, William Odis",Male,White
Eastern Kentucky,"Boom, Claria Horn",Female,White
Eastern Kentucky,"Bunning, David L.",Male,White
Eastern Kentucky,"Caldwell, Karen K.",Female,White
Eastern Kentucky,"Hood, Joseph Martin",Male,White
Eastern Kentucky,"Wier, Robert Earl",Male,White
Eastern Louisiana,"Lemmon, Mary Ann Vial",Female,White
Eastern Louisiana,"Africk, Lance M.",Male,White
Eastern Louisiana,"Ashe, Barry Weldon",Male,White
Eastern Louisiana,"Berrigan, Helen Ginger",Female,White
Eastern Louisiana,"Brown, Nannette Jolivette",Female,African American
Eastern Louisiana,"Fallon, Eldon E.",Male,White
Eastern Louisiana,"Guidry, Greg Gerard",Male,White
Eastern Louisiana,"Lemelle, Ivan L. R.",Male,African American
Eastern Louisiana,"Milazzo, Jane Margaret Triche",Female,White
Eastern Louisiana,"Barbier, Carl J.",Male,White
Eastern Louisiana,"Papillion, Darrel James",Male,African American
Eastern Louisiana,"Vance, Sarah S.",Female,White
Eastern Louisiana,"Vitter, Wendy Baldwin",Female,White
Eastern Louisiana,"Zainey, Jay C.",Male,White
Eastern Louisiana,"Morgan, Susie",Female,White
Eastern Michigan,"Parker, Linda Vivienne",Female,African American
Eastern Michigan,"O'Meara, John Corbett",Male,White
Eastern Michigan,"Murphy, Stephen Joseph III",Male,White
Eastern Michigan,"Behm, Frances Kay",Female,White
Eastern Michigan,"Berg, Terrence George",Male,White
Eastern Michigan,"Cleland, Robert Hardy",Male,White
Eastern Michigan,"Cox, Sean Francis",Male,White
Eastern Michigan,"DeClercq, Susan Kim",Female,
Eastern Michigan,"Drain, Gershwin Allen",Male,African American
Eastern Michigan,"Edmunds, Nancy Garlock",Female,White
Eastern Michigan,"Borman, Paul D.",Male,White
Eastern Michigan,"Goldsmith, Mark Allan",Male,White
Eastern Michigan,"Leitman, Matthew Frederick",Male,White
Eastern Michigan,"Levy, Judith Ellen",Female,White
Eastern Michigan,"Friedman, Bernard A.",Male,White
Eastern Michigan,"Ludington, Thomas Lamson",Male,White
Eastern Michigan,"McMillion, Brandy Renée",Female,African American
Eastern Michigan,"Steeh, George Caram III",Male,White
Eastern Michigan,"Lawson, David M.",Male,White
Eastern Michigan,"Grey, Jonathan James Canada",Male,African American
Eastern Michigan,"Hood, Denise Page",Female,African American
Eastern Michigan,"Kumar, Shalina Deborah",Female,
Eastern Michigan,"Michelson, Laurie Jill",Female,White
Eastern Missouri,"White, Ronnie Lee",Male,African American
Eastern Missouri,"Webber, E. Richard",Male,White
Eastern Missouri,"Sippel, Rodney W.",Male,White
Eastern Missouri,"Schelp, Matthew Thomas",Male,White
Eastern Missouri,"Ross, John Andrew",Male,White
Eastern Missouri,"Pitlyk, Sarah Elizabeth",Female,White
Eastern Missouri,"Limbaugh, Stephen Nathaniel, Jr.",Male,White
Eastern Missouri,"Laughrey, Nanette Kay",Female,White
Eastern Missouri,"Fleissig, Audrey Goldstein",Female,White
Eastern Missouri,"Filippine, Edward Louis",Male,White
Eastern Missouri,"Clark, Stephen Robert, Sr.",Male,White
Eastern Missouri,"Autrey, Henry Edward",Male,African American
Eastern Missouri,"Perry, Catherine D.",Female,White
Eastern Missouri,"Hamilton, Jean Constance",Female,White
Eastern Missouri,"Wimes, Brian Curtis",Male,African American
Eastern New York,"Dearie, Raymond Joseph",Male,White
Eastern New York,"Hurley, Denis Reagan",Male,White
Eastern New York,"Gujarati, Diane",Female,
Eastern New York,"Gonzalez, Hector",Male,Hispanic
Eastern New York,"Glasser, Israel Leo",Male,White
Eastern New York,"Gershon, Nina",Female,White
Eastern New York,"Garaufis, Nicholas",Male,White
Eastern New York,"Donnelly, Ann Marie",Female,White
Eastern New York,"Vitaliano, Eric Nicholas",Male,White
Eastern New York,"DeArcy Hall, LaShann Moutique",Female,African American
Eastern New York,"Cogan, Brian Mark",Male,White
Eastern New York,"Choudhury, Nusrat Jahan",Female,
Eastern New York,"Chen, Pamela Ki Mai",Female,
Eastern New York,"Brown, Gary Richard",Male,White
Eastern New York,"Irizarry, Dora L.",Female,Hispanic
Eastern New York,"Brodie, Margo Kitsy",Female,African American
Eastern New York,"Azrack, Joan Marie",Female,White
Eastern New York,"Amon, Carol Bagley",Female,White
Eastern New York,"Korman, Edward Robert",Male,White
Eastern New York,"Kovner, Rachel Peter",Female,White
Eastern New York,"Kuntz, William Francis II",Male,African American
Eastern New York,"Matsumoto, Kiyo A.",Female,
Eastern New York,"Mauskopf, Roslynn Renee",Female,White
Eastern New York,"Merchant, Orelia Eleta",Female,African American
Eastern New York,"Merle, Natasha Clarise",Female,African American
Eastern New York,"Morrison, Nina Rauh",Female,White
Eastern New York,"Reyes, Ramon Ernesto, Jr.",Male,Hispanic
Eastern New York,"Ross, Allyne R.",Female,White
Eastern New York,"Seybert, Joanna",Female,White
Eastern New York,"Block, Frederic",Male,White
Eastern New York,"Komitee, Eric Ross",Male,White
Eastern Oklahoma,"Heil, John Frederick III",Male,White
Eastern Oklahoma,"White, Ronald A.",Male,White
Eastern Oklahoma,"Seay, Frank Howell",Male,Indigenous American
Eastern Oklahoma,"Payne, James H.",Male,White
Hawaii,"Smith, Micah William Janso",Male,
Hawaii,"Seabright, J[ohn] Michael",Male,White
Hawaii,"Ezra, David Alan",Male,White
Hawaii,"Gillmor, Helen W.",Female,White
Hawaii,"Kay, Alan Cooke",Male,White
Hawaii,"Kobayashi, Leslie Emi",Female,
Hawaii,"Mollway, Susan Oki",Female,
Hawaii,"Watson, Derrick Kahala",Male,
Hawaii,"Otake, Jill Aiko",Female,
Hawaii,"Park, Shanlyn Alohakeao Souza",Female,
Idaho,"Lodge, Edward J.",Male,White
Idaho,"Winmill, B. Lynn",Male,White
Idaho,"Brailsford, Amanda Kathleen",Female,White
Idaho,"Nye, David Charles",Male,White
Kansas,"Vratil, Kathryn Hoefer",Female,White
Kansas,"Robinson, Julie A.",Female,African American
Kansas,"Melgren, Eric F.",Male,White
Kansas,"Lungstrum, John Watson",Male,White
Kansas,"Crouse, Toby Jon",Male,White
Kansas,"Crabtree, Daniel Dale",Male,White
Kansas,"Broomes, John Wesley",Male,White
Kansas,"Teeter, Holly Lou",Female,White
Kansas,"Belot, Monti L.",Male,White
Maine,"Hornby, David Brock",Male,White
Maine,"Woodcock, John A., Jr.",Male,White
Maine,"Walker, Lance Edward",Male,White
Maine,"Torresen, Nancy",Female,White
Maine,"Singal, George Z.",Male,White
Maine,"Levy, Jon David",Male,White
Maryland,"Nickerson, William M.",Male,White
Maryland,"Xinis, Paula",Female,White
Maryland,"Bennett, Richard D.",Male,White
Maryland,"Blake, Catherine C.",Female,White
Maryland,"Boardman, Deborah Lynn",Female,White
Maryland,"Bredar, James Kelleher",Male,White
Maryland,"Chasanow, Deborah K.",Female,White
Maryland,"Griggsby, Lydia Kay",Female,
Maryland,"Gallagher, Stephanie Agli",Female,White
Maryland,"Hollander, Ellen Lipton",Female,White
Maryland,"Hurson, Brendan Abell",Male,White
Maryland,"Maddox, Matthew James",Male,African American
Maryland,"Messitte, Peter Jo",Male,White
Maryland,"Russell, George Levi III",Male,African American
Maryland,"Rubin, Julie Rebecca",Female,White
Maryland,"Chuang, Theodore David",Male,
Massachusetts,"Burroughs, Allison Dale",Female,White
Massachusetts,"Casper, Denise Jefferson",Female,African American
Massachusetts,"Guzman, Margaret Rose",Female,
Massachusetts,"Gorton, Nathaniel M.",Male,White
Massachusetts,"Mastroianni, Mark Gerald",Male,White
Massachusetts,"Wolf, Mark Lawrence",Male,White
Massachusetts,"Talwani, Indira",Female,
Massachusetts,"Stearns, Richard Gaylore",Male,White
Massachusetts,"Sorokin, Leo Theodore",Male,White
Massachusetts,"Zobel, Rya Weickert",Female,White
Massachusetts,"Saylor, F. Dennis IV",Male,White
Massachusetts,"Saris, Patti B.",Female,White
Massachusetts,"Ponsor, Michael Adrian",Male,White
Massachusetts,"O'Toole, George A., Jr.",Male,White
Massachusetts,"Woodlock, Douglas Preston",Male,White
Massachusetts,"Young, William G.",Male,White
Massachusetts,"Joun, Myong Jin",Male,
Massachusetts,"Harrington, Edward Francis",Male,White
Massachusetts,"Kobick, Julia Eleanor",Female,White
Massachusetts,"Hillman, Timothy Spafard",Male,White
Massachusetts,"Kelley, Angel",Female,
Middle North Carolina,"Tilley, Norwood Carlton, Jr.",Male,White
Middle North Carolina,"Schroeder, Thomas D.",Male,White
Middle North Carolina,"Osteen, William Lindsay, Jr.",Male,White
Middle North Carolina,"Eagles, Catherine Caldwell",Female,White
Middle North Carolina,"Biggs, Loretta Copeland",Female,African American
Middle Pennsylvania,"Munley, Julia Kathleen",Female,White
Middle Pennsylvania,"Rambo, Sylvia H.",Female,White
Middle Pennsylvania,"Wilson, Jennifer Philpott",Female,White
Middle Pennsylvania,"Kane, Yvette",Female,White
Middle Pennsylvania,"Mariani, Robert David",Male,White
Middle Pennsylvania,"Mannion, Malachy Edward",Male,White
Middle Pennsylvania,"Brann, Matthew William",Male,White
Middle Pennsylvania,"Conner, Christopher C.",Male,White
Middle Tennessee,"Richardson, Eli Jeremy",Male,White
Middle Tennessee,"Crenshaw, Waverly David, Jr.",Male,African American
Middle Tennessee,"Campbell, William Lynn, Jr.",Male,White
Middle Tennessee,"Trauger, Aleta Arthur",Female,White
Middle Alabama,"Thompson, Myron Herbert",Male,African American
Middle Alabama,"Steele, William H.",Male,White
Middle Alabama,"Granade, Callie V.",Female,White
Middle Alabama,"Moorer, Terry Fitzgerald",Male,African American
Middle Alabama,"Butler, Charles Randolph, Jr.",Male,White
Middle Alabama,"Beaverstock, Jeffrey Uhlman",Male,White
Middle Alabama,"Albritton, William Harold III",Male,White
Middle Alabama,"Huffaker, R. Austin, Jr.",Male,White
Middle Alabama,"Marks, Emily Coody",Female,White
Middle Alabama,"DuBose, Kristi",Female,White
Middle Alabama,"Watkins, William Keith",Male,White
Middle Florida,"Badalamenti, John Leonard",Male,White
Middle Florida,"Antoon, John II",Male,White
Middle Florida,"Adams, Henry Lee, Jr.",Male,African American
Middle Florida,"Bucklew, Susan C.",Female,White
Middle Florida,"Fawsett, Patricia C.",Female,White
Middle Florida,"Merryday, Steven Douglas",Male,White
Middle Florida,"Honeywell, Charlene Vanessa Edwards",Female,African American
Middle Florida,"Howard, Marcia Morales",Female,Hispanic
Middle Florida,"Jung, William Frederic",Male,White
Middle Florida,"Kovachevich, Elizabeth Anne",Female,White
Middle Florida,"Lazzara, Richard A.",Male,White
Middle Florida,"Davis, Brian Jordan",Male,African American
Middle Florida,"Berger, Wendy Williams",Female,White
Middle Florida,"Steele, John E.",Male,White
Middle Florida,"Scriven, Mary Stenson",Female,African American
Middle Florida,"Schlesinger, Harvey Erwin",Male,White
Middle Florida,"Presnell, Gregory A.",Male,White
Middle Florida,"Moody, James S., Jr.",Male,White
Middle Florida,"Mizelle, Kathryn Kimball",Female,White
Middle Florida,"Whittemore, James D.",Male,White
Middle Florida,"Dalton, Roy Bale, Jr.",Male,White
Middle Florida,"Mendoza, Carlos Eduardo",Male,Hispanic
Middle Florida,"Corrigan, Timothy J.",Male,White
Middle Florida,"Byron, Paul Gregory",Male,White
Middle Florida,"Chappell, Sheri Polster",Female,White
Middle Florida,"Conway, Anne C.",Female,White
Middle Florida,"Barber, Thomas Patrick",Male,White
Middle Florida,"Covington, Virginia Maria Hernandez",Female,Hispanic
Middle Georgia,"Treadwell, Marc Thomas",Male,White
Middle Georgia,"Self, Tilman Eugene III",Male,White
Middle Georgia,"Sands, W[illie] Louis",Male,African American
Middle Georgia,"Royal, C. Ashley",Male,White
Middle Georgia,"Gardner, Leslie Abrams",Female,African American
Middle Georgia,"Land, Clay D.",Male,White
Middle Georgia,"Lawson, Hugh",Male,White
Middle Louisiana,"Foote, Elizabeth Erny",Female,White
Middle Louisiana,"Hicks, S. Maurice, Jr.",Male,White
Middle Louisiana,"James, Robert Gillespie",Male,White
Middle Louisiana,"Joseph, David Cleveland",Male,White
Middle Louisiana,"Drell, Dee D.",Male,White
Middle Louisiana,"Doughty, Terry Alvin",Male,White
Middle Louisiana,"Cain, James David, Jr.",Male,White
Middle Louisiana,"Melancon, Tucker L.",Male,White
Middle Louisiana,"Summerhays, Robert Rees",Male,White
Middle Louisiana,"Trimble, James Travis, Jr.",Male,White
Middle Louisiana,"Walter, Donald Ellsworth",Male,White
Minnesota,"Wright, Wilhelmina Marie",Female,African American
Minnesota,"Blackwell, Jerry Wayne",Male,African American
Minnesota,"Brasel, Nancy Ellen",Female,White
Minnesota,"Bryan, Jeffrey Marc",Male,Hispanic
Minnesota,"Davis, Michael James",Male,African American
Minnesota,"Doty, David Singleton",Male,White
Minnesota,"Ericksen, Joan N.",Female,White
Minnesota,"Frank, Donovan W.",Male,White
Minnesota,"Magnuson, Paul Arthur",Male,White
Minnesota,"Menendez, Katherine Marie",Female,White
Minnesota,"Schiltz, Patrick Joseph",Male,White
Minnesota,"Tostrud, Eric Christian",Male,White
Minnesota,"Tunheim, John R.",Male,White
Minnesota,"Alsop, Donald Douglas",Male,White
Minnesota,"Montgomery, Ann D.",Female,White
Minnesota,"Nelson, Susan Richard",Female,White
Montana,"Watters, Susan Pamela",Female,White
Montana,"Morris, Brian Matthew",Male,White
Montana,"Molloy, Donald W.",Male,White
Montana,"Haddon, Sam E.",Male,White
Montana,"Christensen, Dana Lewis",Male,White
Nebraska,"Rossiter, Robert F., Jr.",Male,White
Nebraska,"Kopf, Richard George",Male,White
Nebraska,"Gerrard, John Melvin",Male,White
Nebraska,"Buescher, Brian Craig",Male,White
Nebraska,"Bataillon, Joseph F.",Male,White
Nevada,"McKibben, Howard D.",Male,White
Nevada,"Mahan, James C.",Male,White
Nevada,"Jones, Robert Clive",Male,White
Nevada,"Hunt, Roger L.",Male,White
Nevada,"Hicks, Larry R.",Male,White
Nevada,"Dorsey, Jennifer Anna",Female,White
Nevada,"Boulware, Richard Franklin II",Male,African American
Nevada,"Silva, Cristina Dionne",Female,Hispanic
Nevada,"Traum, Anne Rachel",Female,White
Nevada,"Du, Miranda Mai",Female,
Nevada,"Dawson, Kent J.",Male,White
Nevada,"Gordon, Andrew Patrick",Male,White
Nevada,"Navarro, Gloria Maria",Female,Hispanic
New Hampshire,"McCafferty, Landya B.",Female,White
New Hampshire,"Laplante, Joseph Normand",Male,White
New Hampshire,"Elliott, Samantha Dowd",Female,White
New Hampshire,"Barbadoro, Paul J.",Male,White
New Hampshire,"McAuliffe, Steven J.",Male,White
New Mexico,"Vázquez, Martha Alicia",Female,Hispanic
New Mexico,"Armijo, M. Christina",Female,Hispanic
New Mexico,"Brack, Robert C.",Male,White
New Mexico,"Strickland, Margaret Irene",Female,White
New Mexico,"Riggs, Kea Whetzal",Female,White
New Mexico,"Johnson, William Paul",Male,White
New Mexico,"Herrera, Judith C.",Female,Hispanic
New Mexico,"Gonzales, Kenneth John",Male,Hispanic
New Mexico,"Garcia, Matthew Lane",Male,Hispanic
New Mexico,"Browning, James O.",Male,White
New Mexico,"Urias, David Herrera",Male,Hispanic
North Dakota,"Conmy, Patrick Anthony",Male,White
North Dakota,"Hovland, Daniel L.",Male,White
North Dakota,"Traynor, Daniel Mack",Male,White
North Dakota,"Welte, Peter David",Male,White
Northern Texas,"Fish, A[llen] Joe",Male,White
Northern Texas,"Kinkeade, James E.",Male,White
Northern Texas,"Lindsay, Sam A.",Male,African American
Northern Texas,"Lynn, Barbara M.",Female,White
Northern Texas,"Means, Terry R.",Male,White
Northern Texas,"O'Connor, Reed Charles",Male,White
Northern Texas,"Pittman, Mark Timothy",Male,White
Northern Texas,"Scholer, Karen Gren",Female,
Northern Texas,"Starr, Brantley David",Male,White
Northern Texas,"Brown, Ada Elene",Female,
Northern Texas,"Boyle, Jane J.",Female,White
Northern Texas,"Kacsmaryk, Matthew Joseph",Male,White
Northern Texas,"Maloney, Robert B.",Male,White
Northern Texas,"Cummings, Samuel Ray",Male,White
Northern Texas,"Fitzwater, Sidney Allen",Male,White
Northern Texas,"Godbey, David C.",Male,White
Northern Texas,"Hendrix, James Wesley",Male,White
Northern West Virginia,"Keeley, Irene Patricia Murphy",Female,White
Northern West Virginia,"Stamp, Frederick Pfarr, Jr.",Male,White
Northern West Virginia,"Kleeh, Thomas Shawn",Male,White
Northern West Virginia,"Groh, Gina Marie",Female,White
Northern West Virginia,"Bailey, John Preston",Male,White
Northern Alabama,"Smith, Charles Lynwood, Jr.",Male,White
Northern Alabama,"Proctor, R. David",Male,White
Northern Alabama,"Maze, Corey Landon",Male,White
Northern Alabama,"Manasco, Anna Marie",Female,White
Northern Alabama,"Johnson, Inge Prytz",Female,White
Northern Alabama,"Haikala, Madeline Hughes",Female,White
Northern Alabama,"Coogler, L. Scott",Male,White
Northern Alabama,"Hopkins, Virginia Emerson",Female,White
Northern Alabama,"Bowdre, Karon O.",Female,White
Northern Alabama,"Blackburn, Sharon Lovelace",Female,White
Northern Alabama,"Axon, Annemarie Carney",Female,White
Northern Alabama,"Burke, Liles Clifton",Male,White
Northern California,"Rogers, Yvonne Gonzalez",Female,Hispanic
Northern California,"Chesney, Maxine M.",Female,White
Northern California,"Chhabria, Vince Girdhari",Male,
Northern California,"Corley, Jacqueline Scott",Female,White
Northern California,"Davila, Edward John",Male,Hispanic
Northern California,"Martinez-Olguin, Araceli",Female,Hispanic
Northern California,"Donato, James",Male,White
Northern California,"Illston, Susan Yvonne",Female,White
Northern California,"Henderson, Thelton Eugene",Male,African American
Northern California,"Hamilton, Phyllis Jean",Female,African American
Northern California,"Gilliam, Haywood Stirling, Jr.",Male,African American
Northern California,"Freeman, Beth Labson",Female,White
Northern California,"Breyer, Charles R.",Male,White
Northern California,"Lin, Rita Faye",Female,
Northern California,"Armstrong, Saundra Brown",Female,African American
Northern California,"Chen, Edward Milton",Male,
Northern California,"Seeborg, Richard G.",Male,White
Northern California,"Thompson, Trina Lynn",Female,African American
Northern California,"Tigar, Jon Steven",Male,White
Northern California,"White, Jeffrey Steven",Male,White
Northern California,"Wilken, Claudia Ann",Female,White
Northern California,"Orrick, William Horsley III",Male,White
Northern California,"Alsup, William Haskell",Male,White
Northern California,"Pitts, Patrick Casey",Male,White
Northern Florida,"Winsor, Allen Cothrel",Male,White
Northern Florida,"Wetherell, T. Kent II",Male,White
Northern Florida,"Walker, Mark Eaton",Male,White
Northern Florida,"Stafford, William Henry, Jr.",Male,White
Northern Florida,"Rodgers, Margaret Catharine",Female,White
Northern Florida,"Hinkle, Robert Lewis",Male,White
Northern Florida,"Collier, Lacey A.",Male,White
Northern Georgia,"Cohen, Mark Howard",Male,White
Northern Georgia,"Cooper, Clarence",Male,African American
Northern Georgia,"Ray, William McCrary II",Male,White
Northern Georgia,"Totenberg, Amy Mil",Female,White
Northern Georgia,"Thrash, Thomas W., Jr.",Male,White
Northern Georgia,"Story, Richard W.",Male,White
Northern Georgia,"Ross, Eleanor Louise",Female,African American
Northern Georgia,"Pannell, Charles A., Jr.",Male,White
Northern Georgia,"May, Leigh Martin",Female,White
Northern Georgia,"Hunt, Willis B., Jr.",Male,White
Northern Georgia,"Jones, Steve CarMichael",Male,African American
Northern Georgia,"Boulee, Jean-Paul",Male,White
Northern Georgia,"Brown, Michael Lawrence",Male,White
Northern Georgia,"Calvert, Victoria Marie",Female,African American
Northern Georgia,"Grimberg, Steven Daniel",Male,Hispanic
Northern Georgia,"Geraghty, Sarah Elisabeth",Female,White
Northern Georgia,"Evans, Orinda Dale",Female,White
Northern Georgia,"Batten, Timothy C., Sr.",Male,White
Northern Illinois,"Chang, Edmond E-Min",Male,
Northern Illinois,"Conlon, Suzanne B.",Female,White
Northern Illinois,"Coleman, Sharon Johnson",Female,African American
Northern Illinois,"Bucklo, Elaine E.",Female,White
Northern Illinois,"Rowland, Mary Margaret",Female,White
Northern Illinois,"Aspen, Marvin E.",Male,White
Northern Illinois,"Alonso, Jorge Luis",Male,Hispanic
Northern Illinois,"Cummings, Jeffrey Irvine",Male,African American
Northern Illinois,"Blakey, John Robert",Male,White
Northern Illinois,"Daniel, Jeremy Christen",Male,African American
Northern Illinois,"Lefkow, Joan Humphrey",Female,White
Northern Illinois,"Durkin, Thomas Michael",Male,White
Northern Illinois,"Kennelly, Matthew F.",Male,White
Northern Illinois,"Kness, John Fitzgerald",Male,White
Northern Illinois,"Kapala, Frederick J.",Male,White
Northern Illinois,"Johnston, Iain David",Male,White
Northern Illinois,"Jenkins, Lindsay Clayton",Female,African American
Northern Illinois,"Hunt, LaShonda Annette",Female,African American
Northern Illinois,"Kocoras, Charles Petros",Male,White
Northern Illinois,"Wood, Andrea Robin",Female,African American
Northern Illinois,"Leinenweber, Harry Daniel",Male,White
Northern Illinois,"Maldonado, Nancy Lee",Female,Hispanic
Northern Illinois,"Guzman, Ronald A.",Male,Hispanic
Northern Illinois,"Marovich, George Michael",Male,White
Northern Illinois,"Norgle, Charles Ronald, Sr.",Male,White
Northern Illinois,"Pacold, Martha Maria",Female,
Northern Illinois,"Pallmeyer, Rebecca R.",Female,White
Northern Illinois,"Reinhard, Philip Godfrey",Male,White
Northern Illinois,"Valderrama, Franklin Ulyses",Male,
Northern Illinois,"Tharp, John Joseph, Jr.",Male,White
Northern Illinois,"Shah, Manish Suresh",Male,
Northern Illinois,"Seeger, Steven Charles",Male,White
Northern Illinois,"Gottschall, Joan B.",Female,White
Northern Illinois,"Gettleman, Robert William",Male,White
Northern Illinois,"Ellis, Sara Lee",Female,African American
Northern Illinois,"Kendall, Virginia Mary",Female,White
Northern Illinois,"Dow, Robert Michael, Jr.",Male,White
Northern Indiana,"Springmann, Theresa Lazar",Female,White
Northern Indiana,"Simon, Philip P.",Male,White
Northern Indiana,"Moody, James Tyne",Male,White
Northern Indiana,"Miller, Robert Lowell, Jr.",Male,White
Northern Indiana,"Leichty, Damon Ray",Male,White
Northern Indiana,"Lee, William Charles",Male,White
Northern Indiana,"DeGuilio, Jon Ernest",Male,White
Northern Indiana,"Van Bokkelen, Joseph S.",Male,White
Northern Indiana,"Brady, Holly Ann",Female,White
Northern Iowa,"Reade, Linda R.",Female,White
Northern Iowa,"Strand, Leonard Terry",Male,White
Northern Iowa,"Williams, Charles Joseph",Male,White
Northern Mississippi,"Aycock, Sharion",Female,White
Northern Mississippi,"Mills, Michael P.",Male,White
Northern Mississippi,"Davidson, Glen H.",Male,White
Northern Mississippi,"Brown, Debra Marie",Female,African American
Northern New York,"Suddaby, Glenn T.",Male,White
Northern New York,"Scullin, Frederick James, Jr.",Male,White
Northern New York,"Sharpe, Gary L.",Male,White
Northern New York,"Kahn, Lawrence E.",Male,White
Northern New York,"Nardacci, Anne Marie",Female,White
Northern New York,"McAvoy, Thomas James",Male,White
Northern New York,"Hurd, David N.",Male,White
Northern New York,"Sannes, Brenda Kay",Female,White
Northern New York,"D'Agostino, Mae Avila",Female,White
Northern Ohio,"Zouhary, Jack",Male,White
Northern Ohio,"Ruiz, David Augustin",Male,Hispanic
Northern Ohio,"Adams, John R.",Male,White
Northern Ohio,"Barker, Pamela Ann",Female,White
Northern Ohio,"Boyko, Christopher A.",Male,White
Northern Ohio,"Brennan, Bridget Meehan",Female,White
Northern Ohio,"Calabrese, J. Philip",Male,White
Northern Ohio,"Carr, James G.",Male,White
Northern Ohio,"Economus, Peter C.",Male,White
Northern Ohio,"Fleming, Charles Esque",Male,African American
Northern Ohio,"Gaughan, Patricia Anne",Female,White
Northern Ohio,"Gwin, James S.",Male,White
Northern Ohio,"Helmick, Jeffrey James",Male,White
Northern Ohio,"Lioi, Sara Elizabeth",Female,White
Northern Ohio,"Nugent, Donald C.",Male,White
Northern Ohio,"Oliver, Solomon, Jr.",Male,African American
Northern Ohio,"Pearson, Benita Yalonda",Female,African American
Northern Ohio,"Knepp, James Ray II",Male,White
Northern Ohio,"Polster, Dan A.",Male,White
Northern Oklahoma,"Payne, James H.",Male,White
Northern Oklahoma,"Kern, Terence C.",Male,White
Northern Oklahoma,"Heil, John Frederick III",Male,White
Northern Oklahoma,"Frizzell, Gregory Kent",Male,White
Northern Oklahoma,"Eagan, Claire",Female,White
Northern Oklahoma,"Dowdell, John Edward",Male,White
Oregon,"Nelson, Adrienne Camille",Female,African American
Oregon,"Mosman, Michael W.",Male,White
Oregon,"McShane, Michael Jerome",Male,White
Oregon,"Marsh, Malcolm Francis",Male,White
Oregon,"Immergut, Karin Johanna",Female,White
Oregon,"Hernandez, Marco Antonio",Male,Hispanic
Oregon,"Haggerty, Ancer Lee",Male,African American
Oregon,"Simon, Michael H.",Male,White
Oregon,"Aiken, Ann L.",Female,White
Oregon,"Jones, Robert Edward",Male,White
Oregon,"Brown, Anna J.",Female,White
Puerto Rico,"Arias-Marxuach, Raúl Manuel",Male,Hispanic
Puerto Rico,"Besosa, Francisco Augusto",Male,Hispanic
Puerto Rico,"Carreño-Coll, Silvia Luisa",Female,Hispanic
Puerto Rico,"Vélez-Rivé, Camille Lizette",Female,Hispanic
Puerto Rico,"Méndez-Miró, Gina Raquel",Female,Hispanic
Puerto Rico,"Garcia-Gregory, Jay A.",Male,Hispanic
Puerto Rico,"Domínguez, Daniel R.",Male,Hispanic
Puerto Rico,"Delgado-Colón, Aida M.",Female,Hispanic
Puerto Rico,"Delgado Hernández, Pedro Alberto",Male,Hispanic
Puerto Rico,"Antongiorgi-Jordán, María del R.",Female,Hispanic
Rhode Island,"Smith, William E.",Male,White
Rhode Island,"McConnell, John James, Jr.",Male,White
Rhode Island,"McElroy, Mary Susan",Female,White
Rhode Island,"Lisi, Mary M.",Female,White
South Dakota,"Schreier, Karen E.",Female,White
South Dakota,"Piersol, Lawrence L.",Male,White
South Dakota,"Lange, Roberto Antonio",Male,White
South Dakota,"Kornmann, Charles B.",Male,White
Southern Texas,"Saldaña, Diana",Female,Hispanic
Southern Texas,"Tagle, Hilda G.",Female,Hispanic
Southern Texas,"Werlein, Ewing, Jr.",Male,White
Southern Texas,"Tipton, Drew Barnett",Male,White
Southern Texas,"Alvarez, Micaela",Female,Hispanic
Southern Texas,"Brown, Jeffrey Vincent",Male,White
Southern Texas,"Crane, Randy",Male,Hispanic
Southern Texas,"Ellison, Keith P.",Male,White
Southern Texas,"Eskridge, Charles R. III",Male,White
Southern Texas,"Garcia Marmolejo, Marina",Female,Hispanic
Southern Texas,"Hanen, Andrew S.",Male,White
Southern Texas,"Hanks, George Carol, Jr.",Male,African American
Southern Texas,"Bennett, Alfred Homer",Male,African American
Southern Texas,"Head, Hayden Wilson, Jr.",Male,White
Southern Texas,"Rosenthal, Lee Hyman",Female,White
Southern Texas,"Rodriguez, Fernando, Jr.",Male,Hispanic
Southern Texas,"Harmon, Melinda",Female,White
Southern Texas,"Rainey, John David",Male,White
Southern Texas,"Olvera, Jose Rolando, Jr.",Male,Hispanic
Southern Texas,"Morales, David Steven",Male,Hispanic
Southern Texas,"Miller, Gray Hampton",Male,White
Southern Texas,"Ramos, Nelva Gonzales",Female,Hispanic
Southern Texas,"Hinojosa, Ricardo H.",Male,Hispanic
Southern Texas,"Jack, Janis Graham",Female,White
Southern Texas,"Hughes, Lynn Nettleton",Male,White
Southern Texas,"Hoyt, Kenneth M.",Male,African American
Southern Texas,"Lake, Simeon Timothy III",Male,White
Southern Texas,"Hittner, David",Male,White
Southern West Virginia,"Goodwin, Joseph Robert",Male,White
Southern West Virginia,"Berger, Irene Cornelia",Female,African American
Southern West Virginia,"Chambers, Robert Charles",Male,White
Southern West Virginia,"Copenhaver, John Thomas, Jr.",Male,White
Southern West Virginia,"Faber, David A.",Male,White
Southern West Virginia,"Johnston, Thomas E.",Male,White
Southern West Virginia,"Volk, Frank William",Male,White
Southern California,"Ohta, Jinsook",Female,
Southern California,"Robinson, Todd Wallace",Male,White
Southern California,"Moskowitz, Barry Ted",Male,White
Southern California,"Schopler, Andrew George",Male,White
Southern California,"Simmons, James Edward, Jr.",Male,African American
Southern California,"Whelan, Thomas J.",Male,White
Southern California,"Sammartino, Janis Lynn",Female,White
Southern California,"Montenegro, Ruth Bermudez",Female,Hispanic
Southern California,"Sabraw, Dana Makoto",Male,
Southern California,"Lorenz, M. James",Male,White
Southern California,"Anello, Michael M.",Male,White
Southern California,"Bashant, Cynthia Ann",Female,White
Southern California,"Battaglia, Anthony Joseph",Male,White
Southern California,"Miller, Jeffrey T.",Male,White
Southern California,"Benitez, Roger T.",Male,Hispanic
Southern California,"Burns, Larry Alan",Male,White
Southern California,"Bencivengo, Cathy Ann",Female,White
Southern California,"Huff, Marilyn L.",Female,White
Southern California,"Houston, John A.",Male,African American
Southern California,"Hayes, William Q.",Male,White
Southern California,"Curiel, Gonzalo Paul",Male,Hispanic
Southern California,"Lopez, Linda",Female,Hispanic
Southern California,"Huie, Robert Steven",Male,
Southern Florida,"Graham, Donald L.",Male,African American
Southern Florida,"Lenard, Joan A.",Female,White
Southern Florida,"Hurley, Daniel T. K.",Male,White
Southern Florida,"King, James Lawrence",Male,White
Southern Florida,"Bloom, Beth Francine",Female,White
Southern Florida,"Cannon, Aileen Mercedes",Female,
Southern Florida,"Cohn, James I.",Male,White
Southern Florida,"Dimitrouleas, William P.",Male,White
Southern Florida,"Gayles, Darrin Phillip",Male,African American
Southern Florida,"Gold, Alan Stephen",Male,White
Southern Florida,"Gonzalez, Jose Alejandro, Jr.",Male,Hispanic
Southern Florida,"Altonaga, Cecilia M.",Female,Hispanic
Southern Florida,"Altman, Roy Kalman",Male,Hispanic
Southern Florida,"Huck, Paul C.",Male,White
Southern Florida,"Ruiz, Rodolfo Armando II",Male,Hispanic
Southern Florida,"Zloch, William J.",Male,White
Southern Florida,"Williams, Kathleen Mary",Female,White
Southern Florida,"Smith, Rodney",Male,African American
Southern Florida,"Marra, Kenneth A.",Male,White
Southern Florida,"Martinez, Jose E.",Male,Hispanic
Southern Florida,"Middlebrooks, Donald M.",Male,White
Southern Florida,"Singhal, Anuraag Hari",Male,
Southern Florida,"Seitz, Patricia A.",Female,White
Southern Florida,"Scola, Robert Nichols, Jr.",Male,White
Southern Florida,"Moore, Kevin Michael",Male,White
Southern Florida,"Rosenberg, Robin Lee",Female,White
Southern Florida,"Moreno, Federico A.",Male,Hispanic
Southern Georgia,"Moore, William Theodore, Jr.",Male,White
Southern Georgia,"Wood, Lisa Godbey",Female,White
Southern Georgia,"Hall, James Randal",Male,White
Southern Georgia,"Bowen, Dudley Hollingsworth, Jr.",Male,White
Southern Georgia,"Baker, R. Stan",Male,White
Southern Illinois,"Yandle, Staci Michelle",Female,African American
Southern Illinois,"Gilbert, John Phil",Male,White
Southern Illinois,"McGlynn, Stephen Patrick",Male,White
Southern Illinois,"Dugan, David Wayne",Male,
Southern Illinois,"Rosenstengel, Nancy Jo",Female,White
Southern Indiana,"Pratt, Tanya Walton",Female,African American
Southern Indiana,"Young, Richard L.",Male,White
Southern Indiana,"Lawrence, William T.",Male,White
Southern Indiana,"Hanlon, James Patrick",Male,White
Southern Indiana,"Brookman, Matthew Paul",Male,White
Southern Indiana,"Barker, Sarah Evans",Female,White
Southern Indiana,"Magnus-Stinson, Jane Elizabeth",Female,White
Southern Indiana,"Sweeney, James Russell II",Male,White
Southern Iowa,"Longstaff, Ronald Earl",Male,White
Southern Iowa,"Locher, Stephen Henley",Male,White
Southern Iowa,"Ebinger, Rebecca Goodgame",Female,White
Southern Iowa,"Pratt, Robert W.",Male,White
Southern Iowa,"Rose, Stephanie Marie",Female,White
Southern Iowa,"Gritzner, James E.",Male,White
Southern Mississippi,"Wingate, Henry Travillion",Male,African American
Southern Mississippi,"Bramlette, David C.",Male,White
Southern Mississippi,"Guirola, Louis, Jr.",Male,Hispanic
Southern Mississippi,"Jordan, Daniel Porter III",Male,White
Southern Mississippi,"Lee, Tom Stewart",Male,White
Southern Mississippi,"McNeel, Taylor Brantley",Male,White
Southern Mississippi,"Ozerden, Halil Suleyman",Male,White
Southern Mississippi,"Reeves, Carlton Wayne",Male,African American
Southern Mississippi,"Starrett, Keith",Male,White
Southern Mississippi,"Johnson, Kristi Haskins",Female,White
Southern New York,"Haight, Charles Sherman, Jr.",Male,White
Southern New York,"Ramos, Edgardo",Male,Hispanic
Southern New York,"Rakoff, Jed Saul",Male,White
Southern New York,"Preska, Loretta A.",Female,White
Southern New York,"Oetken, James Paul",Male,White
Southern New York,"McMahon, Colleen",Female,White
Southern New York,"Marrero, Victor",Male,Hispanic
Southern New York,"Liman, Lewis Jeffrey",Male,White
Southern New York,"Koeltl, John George",Male,White
Southern New York,"Keenan, John Fontaine",Male,White
Southern New York,"Clarke, Jessica Gloria Lynn",Female,African American
Southern New York,"Cote, Denise",Female,White
Southern New York,"Cronan, John Peter",Male,White
Southern New York,"Crotty, Paul Austin",Male,White
Southern New York,"Daniels, George B.",Male,African American
Southern New York,"Engelmayer, Paul Adam",Male,White
Southern New York,"Failla, Katherine Polk",Female,White
Southern New York,"Furman, Jesse Matthew",Male,White
Southern New York,"Gardephe, Paul G.",Male,White
Southern New York,"Vyskocil, Mary Kay",Female,White
Southern New York,"Rearden, Jennifer Hutchison",Female,White
Southern New York,"Karas, Kenneth M.",Male,White
Southern New York,"Kaplan, Lewis A.",Male,White
Southern New York,"Ho, Dale Edwin",Male,
Southern New York,"Hellerstein, Alvin K.",Male,White
Southern New York,"Halpern, Philip Morgan",Male,White
Southern New York,"Garnett, Margaret M.",Female,White
Southern New York,"Castel, P. Kevin",Male,White
Southern New York,"Wood, Kimba Maureen",Female,White
Southern New York,"Subramanian, Arun Srinivas",Male,
Southern New York,"Rochon, Jennifer Louise",Female,White
Southern New York,"Swain, Laura Taylor",Female,African American
Southern New York,"Woods, Gregory Howard III",Male,African American
Southern New York,"Abrams, Ronnie",Female,White
Southern New York,"Seibel, Cathy",Female,White
Southern New York,"Stanton, Louis Lee",Male,White
Southern New York,"Stein, Sidney H.",Male,White
Southern New York,"Schofield, Lorna Gail",Female,
Southern New York,"Berman, Richard M.",Male,White
Southern New York,"Briccetti, Vincent Louis",Male,White
Southern New York,"Broderick, Vernon Speede",Male,
Southern New York,"Buchwald, Naomi Reice",Female,White
Southern New York,"Caproni, Valerie Elaine",Female,White
Southern New York,"Carter, Andrew Lamar, Jr.",Male,African American
Southern New York,"Torres, Analisa Nadine",Female,
Southern New York,"Román, Nelson Stephen",Male,Hispanic
Southern Ohio,"Hopkins, Jeffery Paul",Male,African American
Southern Ohio,"Marbley, Algenon L.",Male,African American
Southern Ohio,"Rice, Walter Herbert",Male,White
Southern Ohio,"Weber, Herman Jacob",Male,White
Southern Ohio,"Graham, James L.",Male,White
Southern Ohio,"Dlott, Susan J.",Female,White
Southern Ohio,"Cole, Douglas Russell",Male,White
Southern Ohio,"Black, Timothy Seymour",Male,White
Southern Ohio,"Beckwith, Sandra Shank",Female,White
Southern Ohio,"Watson, Michael H.",Male,White
Southern Ohio,"Sargus, Edmund A., Jr.",Male,White
Southern Ohio,"Rose, Thomas M.",Male,White
Southern Ohio,"Barrett, Michael Ryan",Male,White
Southern Ohio,"Newman, Michael Jay",Male,White
Southern Ohio,"Morrison, Sarah Daggett",Female,White
Southern Ohio,"McFarland, Matthew Walden",Male,White
Utah,"Shelby, Robert James",Male,White
Utah,"Barlow, David Bruce",Male,White
Utah,"Campbell, Tena",Female,White
Utah,"Kimball, Dale A.",Male,White
Utah,"Nielson, Howard Curtis, Jr.",Male,White
Utah,"Waddoups, Clark",Male,White
Utah,"Sam, David",Male,White
Utah,"Stewart, Brian Theadore",Male,White
Utah,"Nuffer, David Ogden",Male,White
Utah,"Parrish, Jill N.",Female,White
Vermont,"Crawford, Geoffrey William",Male,White
Vermont,"Murtha, John Garvan",Male,White
Vermont,"Reiss, Christina Clair",Female,White
Vermont,"Sessions, William K. III",Male,White
Western North Carolina,"Osteen, William Lindsay, Jr.",Male,White
Western North Carolina,"Biggs, Loretta Copeland",Female,African American
Western North Carolina,"Eagles, Catherine Caldwell",Female,White
Western North Carolina,"Schroeder, Thomas D.",Male,White
Western North Carolina,"Tilley, Norwood Carlton, Jr.",Male,White
Western Pennsylvania,"Ambrose, Donetta W.",Female,White
Western Pennsylvania,"Baxter, Susan Paradise",Female,White
Western Pennsylvania,"Bissoon, Cathy",Female,
Western Pennsylvania,"Bloch, Alan Neil",Male,White
Western Pennsylvania,"Cercone, David S.",Male,White
Western Pennsylvania,"Gibson, Kim R.",Male,White
Western Pennsylvania,"Hardy, William Scott",Male,White
Western Pennsylvania,"Haines, Stephanie Lou",Female,White
Western Pennsylvania,"Horan, Marilyn Jean",Female,White
Western Pennsylvania,"Hornak, Mark Raymond",Male,White
Western Pennsylvania,"Schwab, Arthur J.",Male,White
Western Pennsylvania,"Stickman, William Shaw IV",Male,White
Western Pennsylvania,"Wiegand, Christy Criswell",Female,White
Western Pennsylvania,"Ranjan, J. Nicholas",Male,
Western Pennsylvania,"Conti, Joy Flowers",Female,White
Western Pennsylvania,"Colville, Robert John",Male,White
Western Pennsylvania,"Fischer, Nora Barry",Female,White
Western Tennessee,"Mays, Samuel H., Jr.",Male,White
Western Tennessee,"Breen, J. Daniel",Male,White
Western Tennessee,"Todd, James Dale",Male,White
Western Tennessee,"Anderson, Stanley Thomas",Male,White
Western Tennessee,"Parker, Thomas Lee Robinson",Male,White
Western Tennessee,"Fowlkes, John Thomas, Jr.",Male,African American
Western Tennessee,"Norris, Mark Saalfield, Sr.",Male,White
Western Tennessee,"McCalla, Jon Phipps",Male,White
Western Tennessee,"Lipman, Sheryl Halle",Female,White
Western Texas,"Pitman, Robert Lee",Male,White
Western Texas,"Pulliam, Jason Kenneth",Male,African American
Western Texas,"Sparks, Sam",Male,White
Western Texas,"Rodriguez, Xavier",Male,Hispanic
Western Texas,"Moses, Alia",Female,Hispanic
Western Texas,"Nowlin, James Robertson",Male,White
Western Texas,"Cardone, Kathleen",Female,Hispanic
Western Texas,"Junell, Robert A.",Male,White
Western Texas,"Guaderrama, David Campos",Male,Hispanic
Western Texas,"Garcia, Orlando Luis",Male,Hispanic
Western Texas,"Counts, Walter David III",Male,White
Western Texas,"Briones, David",Male,Hispanic
Western Texas,"Montalvo, Frank",Male,Hispanic
Western Texas,"Albright, Alan D",Male,White
Western Texas,"Biery, Samuel Frederick, Jr.",Male,White
Western Virginia,"Ballou, Robert Stewart",Male,White
Western Virginia,"Cullen, Thomas Tullidge",Male,White
Western Virginia,"Dillon, Elizabeth Kay",Female,White
Western Virginia,"Moon, Norman K.",Male,White
Western Virginia,"Urbanski, Michael Francis",Male,White
Western Virginia,"Jones, James Parker",Male,White
Western Washington,"Zilly, Thomas Samuel",Male,White
Western Washington,"Martinez, Ricardo S.",Male,Hispanic
Western Washington,"Lin, Tana",Female,
Western Washington,"Rothstein, Barbara Jacobs",Female,White
Western Washington,"Lasnik, Robert S.",Male,White
Western Washington,"King, Lauren Jennifer",Female,Indigenous American
Western Washington,"Jones, Richard A.",Male,African American
Western Washington,"Evanson, Kymberly Kathryn",Female,White
Western Washington,"Pechman, Marsha J.",Female,White
Western Washington,"Robart, James L.",Male,White
Western Washington,"Estudillo, David",Male,Hispanic
Western Washington,"Dimmick, Carolyn R.",Female,White
Western Washington,"Coughenour, John C.",Male,White
Western Washington,"Chun, John Hyungseung",Male,
Western Washington,"Cartwright, Tiffany Mae",Female,White
Western Washington,"Bryan, Robert Jensen",Male,White
Western Washington,"Settle, Benjamin Hale",Male,White
Western Washington,"Whitehead, Jamal Norman",Male,African American
Western Wisconsin,"Peterson, James Donald",Male,White
Western Wisconsin,"Conley, William Martin",Male,White
Western Wisconsin,"Crabb, Barbara Brandriff",Female,White
Western Arkansas,"Brooks, Timothy Lloyd",Male,White
Western Arkansas,"Hickey, Susan Owens",Female,White
Western Arkansas,"Hendren, Jimm Larry",Male,White
Western Arkansas,"Dawson, Robert Toombs",Male,White
Western Arkansas,"Holmes, Paul Kinloch III",Male,White
Western Kentucky,"Beaton, Benjamin Joel",Male,White
Western Kentucky,"Boom, Claria Horn",Female,White
Western Kentucky,"Hale, David Jason",Male,White
Western Kentucky,"Jennings, Rebecca Grady",Female,White
Western Kentucky,"McKinley, Joseph H., Jr.",Male,White
Western Kentucky,"Simpson, Charles Ralph III",Male,White
Western Kentucky,"Stivers, Gregory N.",Male,White
Western Louisiana,"Drell, Dee D.",Male,White
Western Louisiana,"Doughty, Terry Alvin",Male,White
Western Louisiana,"Foote, Elizabeth Erny",Female,White
Western Louisiana,"Trimble, James Travis, Jr.",Male,White
Western Louisiana,"James, Robert Gillespie",Male,White
Western Louisiana,"Joseph, David Cleveland",Male,White
Western Louisiana,"Melancon, Tucker L.",Male,White
Western Louisiana,"Summerhays, Robert Rees",Male,White
Western Louisiana,"Cain, James David, Jr.",Male,White
Western Louisiana,"Walter, Donald Ellsworth",Male,White
Western Louisiana,"Hicks, S. Maurice, Jr.",Male,White
Western Michigan,"Neff, Janet T.",Female,White
Western Michigan,"Maloney, Paul Lewis",Male,White
Western Michigan,"Quist, Gordon Jay",Male,White
Western Michigan,"Jonker, Robert James",Male,White
Western Michigan,"Jarbou, Hala Yalda",Female,
Western Michigan,"Beckering, Jane Marie",Female,White
Western Missouri,"Fenner, Gary A.",Male,White
Western Missouri,"Gaitan, Fernando J., Jr.",Male,African American
Western Missouri,"Kays, David Gregory",Male,White
Western Missouri,"Ketchmark, Roseann Ambrosia",Female,White
Western Missouri,"Laughrey, Nanette Kay",Female,White
Western Missouri,"Phillips, Mary Elizabeth",Female,White
Western Missouri,"Sachs, Howard Frederic",Male,White
Western Missouri,"Sippel, Rodney W.",Male,White
Western Missouri,"Smith, Ortrie D.",Male,White
Western Missouri,"Whipple, Dean",Male,White
Western Missouri,"Wimes, Brian Curtis",Male,African American
Western Missouri,"Bough, Stephen Rogers",Male,White
Western Missouri,"Harpool, M. Douglas",Male,White
Western New York,"Arcara, Richard Joseph",Male,White
Western New York,"Wolford, Elizabeth Ann",Female,White
Western New York,"Geraci, Frank Paul, Jr.",Male,White
Western New York,"Larimer, David G.",Male,White
Western New York,"Sinatra, John Leonard, Jr.",Male,White
Western New York,"Siragusa, Charles J.",Male,White
Western New York,"Skretny, William M.",Male,White
Western New York,"Vilardo, Lawrence Joseph",Male,White
Western Oklahoma,"Heaton, Joe L.",Male,White
Western Oklahoma,"Goodwin, Charles Barnes",Male,White
Western Oklahoma,"Friot, Stephen P.",Male,White
Western Oklahoma,"Heil, John Frederick III",Male,White
Western Oklahoma,"Jones, Bernard M.",Male,African American
Western Oklahoma,"Leonard, Timothy D.",Male,White
Western Oklahoma,"Miles-LaGrange, Vicki",Female,African American
Western Oklahoma,"Dishman, Jodi Warmbrod",Female,White
Western Oklahoma,"Russell, David Lynn",Male,White
Western Oklahoma,"Cauthron, Robin J.",Female,White
Western Oklahoma,"Alley, Wayne Edward",Male,White
Western Oklahoma,"Wyrick, Patrick Robert",Male,White
Western Oklahoma,"DeGiusti, Timothy D.",Male,White
Western Oklahoma,"Palk, Scott Lawrence",Male,White
Western Oklahoma,"Payne, James H.",Male,White
Wyoming,"Skavdahl, Scott Wesley",Male,White
Wyoming,"Johnson, Alan Bond",Male,White
Wyoming,"Freudenthal, Nancy Dell",Female,White
