State,Names,Gender
Eastern_Oklahoma,"Heil, John Frederick III",Male
Eastern_Oklahoma,"Payne, James H.",Male
Eastern_Oklahoma,"Seay, Frank Howell",Male
Eastern_Oklahoma,"White, Ronald A.",Male
Wyoming,"Freudenthal, Nancy Dell",Female
Wyoming,"Johnson, Alan Bond",Male
Wyoming,"Skavdahl, Scott Wesley",Male
Northern_Alabama,"Axon, Annemarie Carney",Female
Northern_Alabama,"Blackburn, Sharon Lovelace",Female
Northern_Alabama,"Bowdre, Karon O.",Female
Northern_Alabama,"Burke, Liles Clifton",Male
Northern_Alabama,"Coogler, L. Scott",Male
Northern_Alabama,"Haikala, Madeline Hughes",Female
Northern_Alabama,"Hopkins, Virginia Emerson",Female
Northern_Alabama,"Johnson, Inge Prytz",Female
Northern_Alabama,"Manasco, Anna Marie",Female
Northern_Alabama,"Maze, Corey Landon",Male
Northern_Alabama,"Proctor, R. David",Male
Northern_Alabama,"Smith, Charles Lynwood, Jr.",Male
Northern West Virginia,"Bailey, John Preston",Male
Northern West Virginia,"Groh, Gina Marie",Female
Northern West Virginia,"Keeley, Irene Patricia Murphy",Female
Northern West Virginia,"Kleeh, Thomas Shawn",Male
Northern West Virginia,"Stamp, Frederick Pfarr, Jr.",Male
Western_New_York,"Arcara, Richard Joseph",Male
Western_New_York,"Geraci, Frank Paul, Jr.",Male
Western_New_York,"Larimer, David G.",Male
Western_New_York,"Sinatra, John Leonard, Jr.",Male
Western_New_York,"Siragusa, Charles J.",Male
Western_New_York,"Skretny, William M.",Male
Western_New_York,"Vilardo, Lawrence Joseph",Male
Western_New_York,"Wolford, Elizabeth Ann",Female
Western Pennsylvania,"Ambrose, Donetta W.",Female
Western Pennsylvania,"Baxter, Susan Paradise",Female
Western Pennsylvania,"Bissoon, Cathy",Female
Western Pennsylvania,"Bloch, Alan Neil",Male
Western Pennsylvania,"Cercone, David S.",Male
Western Pennsylvania,"Colville, Robert John",Male
Western Pennsylvania,"Conti, Joy Flowers",Female
Western Pennsylvania,"Fischer, Nora Barry",Female
Western Pennsylvania,"Gibson, Kim R.",Male
Western Pennsylvania,"Haines, Stephanie Lou",Female
Western Pennsylvania,"Hardy, William Scott",Male
Western Pennsylvania,"Horan, Marilyn Jean",Female
Western Pennsylvania,"Hornak, Mark Raymond",Male
Western Pennsylvania,"Ranjan, J. Nicholas",Male
Western Pennsylvania,"Schwab, Arthur J.",Male
Western Pennsylvania,"Stickman, William Shaw IV",Male
Western Pennsylvania,"Wiegand, Christy Criswell",Female
Northern_Georgia,"Batten, Timothy C., Sr.",Male
Northern_Georgia,"Boulee, Jean-Paul",Male
Northern_Georgia,"Brown, Michael Lawrence",Male
Northern_Georgia,"Calvert, Victoria Marie",Female
Northern_Georgia,"Cohen, Mark Howard",Male
Northern_Georgia,"Cooper, Clarence",Male
Northern_Georgia,"Evans, Orinda Dale",Female
Northern_Georgia,"Geraghty, Sarah Elisabeth",Female
Northern_Georgia,"Grimberg, Steven Daniel",Male
Northern_Georgia,"Hunt, Willis B., Jr.",Male
Northern_Georgia,"Jones, Steve CarMichael",Male
Northern_Georgia,"May, Leigh Martin",Female
Northern_Georgia,"Pannell, Charles A., Jr.",Male
Northern_Georgia,"Ray, William McCrary II",Male
Northern_Georgia,"Ross, Eleanor Louise",Female
Northern_Georgia,"Story, Richard W.",Male
Northern_Georgia,"Thrash, Thomas W., Jr.",Male
Northern_Georgia,"Totenberg, Amy Mil",Female
Puerto Rico,"Antongiorgi-Jordán, María del R.",Female
Puerto Rico,"Arias-Marxuach, Raúl Manuel",Male
Puerto Rico,"Besosa, Francisco Augusto",Male
Puerto Rico,"Carreño-Coll, Silvia Luisa",Female
Puerto Rico,"Delgado Hernández, Pedro Alberto",Male
Puerto Rico,"Delgado-Colón, Aida M.",Female
Puerto Rico,"Domínguez, Daniel R.",Male
Puerto Rico,"Garcia-Gregory, Jay A.",Male
Puerto Rico,"Méndez-Miró, Gina Raquel",Female
Puerto Rico,"Vélez-Rivé, Camille Lizette",Female
Middle_Florida,"Adams, Henry Lee, Jr.",Male
Middle_Florida,"Antoon, John II",Male
Middle_Florida,"Badalamenti, John Leonard",Male
Middle_Florida,"Barber, Thomas Patrick",Male
Middle_Florida,"Berger, Wendy Williams",Female
Middle_Florida,"Bucklew, Susan C.",Female
Middle_Florida,"Byron, Paul Gregory",Male
Middle_Florida,"Chappell, Sheri Polster",Female
Middle_Florida,"Conway, Anne C.",Female
Middle_Florida,"Corrigan, Timothy J.",Male
Middle_Florida,"Covington, Virginia Maria Hernandez",Female
Middle_Florida,"Dalton, Roy Bale, Jr.",Male
Middle_Florida,"Davis, Brian Jordan",Male
Middle_Florida,"Fawsett, Patricia C.",Female
Middle_Florida,"Honeywell, Charlene Vanessa Edwards",Female
Middle_Florida,"Howard, Marcia Morales",Female
Middle_Florida,"Jung, William Frederic",Male
Middle_Florida,"Kovachevich, Elizabeth Anne",Female
Middle_Florida,"Lazzara, Richard A.",Male
Middle_Florida,"Mendoza, Carlos Eduardo",Male
Middle_Florida,"Merryday, Steven Douglas",Male
Middle_Florida,"Mizelle, Kathryn Kimball",Female
Middle_Florida,"Moody, James S., Jr.",Male
Middle_Florida,"Presnell, Gregory A.",Male
Middle_Florida,"Schlesinger, Harvey Erwin",Male
Middle_Florida,"Scriven, Mary Stenson",Female
Middle_Florida,"Steele, John E.",Male
Middle_Florida,"Whittemore, James D.",Male
Western_Missouri,"Bough, Stephen Rogers",Male
Western_Missouri,"Fenner, Gary A.",Male
Western_Missouri,"Gaitan, Fernando J., Jr.",Male
Western_Missouri,"Harpool, M. Douglas",Male
Western_Missouri,"Kays, David Gregory",Male
Western_Missouri,"Ketchmark, Roseann Ambrosia",Female
Western_Missouri,"Laughrey, Nanette Kay",Female
Western_Missouri,"Phillips, Mary Elizabeth",Female
Western_Missouri,"Sachs, Howard Frederic",Male
Western_Missouri,"Sippel, Rodney W.",Male
Western_Missouri,"Smith, Ortrie D.",Male
Western_Missouri,"Whipple, Dean",Male
Western_Missouri,"Wimes, Brian Curtis",Male
Eastern_California,"Burrell, Garland Ellis, Jr.",Male
Eastern_California,"Calabretta, Daniel Joe Powell",Male
Eastern_California,"Drozd, Dale Alan",Male
Eastern_California,"England, Morrison C., Jr.",Male
Eastern_California,"Ishii, Anthony W.",Male
Eastern_California,"Mendez, John A.",Male
Eastern_California,"Mueller, Kimberly Jo",Female
Eastern_California,"Nunley, Troy Lynne",Male
Eastern_California,"O'Neill, Lawrence Joseph",Male
Eastern_California,"Shubb, William B.",Male
Eastern_California,"Thurston, Jennifer Leigh",Female
Southern_Illinois,"Dugan, David Wayne",Male
Southern_Illinois,"Gilbert, John Phil",Male
Southern_Illinois,"McGlynn, Stephen Patrick",Male
Southern_Illinois,"Rosenstengel, Nancy Jo",Female
Southern_Illinois,"Yandle, Staci Michelle",Female
Minnesota,"Alsop, Donald Douglas",Male
Minnesota,"Blackwell, Jerry Wayne",Male
Minnesota,"Brasel, Nancy Ellen",Female
Minnesota,"Bryan, Jeffrey Marc",Male
Minnesota,"Davis, Michael James",Male
Minnesota,"Doty, David Singleton",Male
Minnesota,"Ericksen, Joan N.",Female
Minnesota,"Frank, Donovan W.",Male
Minnesota,"Magnuson, Paul Arthur",Male
Minnesota,"Menendez, Katherine Marie",Female
Minnesota,"Montgomery, Ann D.",Female
Minnesota,"Nelson, Susan Richard",Female
Minnesota,"Schiltz, Patrick Joseph",Male
Minnesota,"Tostrud, Eric Christian",Male
Minnesota,"Tunheim, John R.",Male
Minnesota,"Wright, Wilhelmina Marie",Female
Maryland,"Bennett, Richard D.",Male
Maryland,"Blake, Catherine C.",Female
Maryland,"Boardman, Deborah Lynn",Female
Maryland,"Bredar, James Kelleher",Male
Maryland,"Chasanow, Deborah K.",Female
Maryland,"Chuang, Theodore David",Male
Maryland,"Gallagher, Stephanie Agli",Female
Maryland,"Griggsby, Lydia Kay",Female
Maryland,"Hollander, Ellen Lipton",Female
Maryland,"Hurson, Brendan Abell",Male
Maryland,"Maddox, Matthew James",Male
Maryland,"Messitte, Peter Jo",Male
Maryland,"Nickerson, William M.",Male
Maryland,"Rubin, Julie Rebecca",Female
Maryland,"Russell, George Levi III",Male
Maryland,"Xinis, Paula",Female
Northern_New_York,"D'Agostino, Mae Avila",Female
Northern_New_York,"Hurd, David N.",Male
Northern_New_York,"Kahn, Lawrence E.",Male
Northern_New_York,"McAvoy, Thomas James",Male
Northern_New_York,"Nardacci, Anne Marie",Female
Northern_New_York,"Sannes, Brenda Kay",Female
Northern_New_York,"Scullin, Frederick James, Jr.",Male
Northern_New_York,"Sharpe, Gary L.",Male
Northern_New_York,"Suddaby, Glenn T.",Male
Southern_Indiana,"Barker, Sarah Evans",Female
Southern_Indiana,"Brookman, Matthew Paul",Male
Southern_Indiana,"Hanlon, James Patrick",Male
Southern_Indiana,"Lawrence, William T.",Male
Southern_Indiana,"Magnus-Stinson, Jane Elizabeth",Female
Southern_Indiana,"Pratt, Tanya Walton",Female
Southern_Indiana,"Sweeney, James Russell II",Male
Southern_Indiana,"Young, Richard L.",Male
Eastern Texas,"Barker, J. Campbell",Male
Eastern Texas,"Clark, Ron",Male
Eastern Texas,"Crone, Marcia A.",Female
Eastern Texas,"Gilstrap, James Rodney",Male
Eastern Texas,"Jordan, Sean D.",Male
Eastern Texas,"Kernodle, Jeremy Daniel",Male
Eastern Texas,"Mazzant, Amos Louis III",Male
Eastern Texas,"Schell, Richard A.",Male
Eastern Texas,"Schroeder, Robert William III",Male
Eastern Texas,"Truncale, Michael Joseph",Male
Eastern_Illinois_all_names,,Female
Arizona,"Bolton, Susan Ritchie",Female
Arizona,"Brnovich, Susan Marie",Female
Arizona,"Bury, David C.",Male
Arizona,"Campbell, David G.",Male
Arizona,"Collins, Raner Christercunean",Male
Arizona,"Hinderaker, John Charles",Male
Arizona,"Humetewa, Diane Joyce",Female
Arizona,"Jorgenson, Cindy K.",Female
Arizona,"Lanza, Dominic William",Male
Arizona,"Liburdi, Michael Thomas",Male
Arizona,"Logan, Steven Paul",Male
Arizona,"Márquez, Rosemary",Female
Arizona,"Martone, Frederick J.",Male
Arizona,"McNamee, Stephen M.",Male
Arizona,"Rash, Scott Hugh",Male
Arizona,"Rayes, Douglas Leroy",Male
Arizona,"Silver, Roslyn O.",Female
Arizona,"Snow, G. Murray",Male
Arizona,"Soto, James Alan",Male
Arizona,"Teilborg, James A.",Male
Arizona,"Tuchi, John Joseph",Male
Arizona,"Wake, Neil Vincent",Male
Arizona,"Zapata, Frank R.",Male
Arizona,"Zipps, Jennifer Guerin",Female
Eastern North Carolina,"Boyle, Terrence William",Male
Eastern North Carolina,"Britt, William Earl",Male
Eastern North Carolina,"Dever, James C. III",Male
Eastern North Carolina,"Flanagan, Louise W.",Female
Eastern North Carolina,"Howard, Malcolm Jones",Male
Eastern North Carolina,"Myers, Richard Ernest II",Male
Middle_Louisiana,"Cain, James David, Jr.",Male
Middle_Louisiana,"Doughty, Terry Alvin",Male
Middle_Louisiana,"Drell, Dee D.",Male
Middle_Louisiana,"Foote, Elizabeth Erny",Female
Middle_Louisiana,"Hicks, S. Maurice, Jr.",Male
Middle_Louisiana,"James, Robert Gillespie",Male
Middle_Louisiana,"Joseph, David Cleveland",Male
Middle_Louisiana,"Melancon, Tucker L.",Male
Middle_Louisiana,"Summerhays, Robert Rees",Male
Middle_Louisiana,"Trimble, James Travis, Jr.",Male
Middle_Louisiana,"Walter, Donald Ellsworth",Male
Southern_New_York,"Abrams, Ronnie",Female
Southern_New_York,"Berman, Richard M.",Male
Southern_New_York,"Briccetti, Vincent Louis",Male
Southern_New_York,"Broderick, Vernon Speede",Male
Southern_New_York,"Buchwald, Naomi Reice",Female
Southern_New_York,"Caproni, Valerie Elaine",Female
Southern_New_York,"Carter, Andrew Lamar, Jr.",Male
Southern_New_York,"Castel, P. Kevin",Male
Southern_New_York,"Clarke, Jessica Gloria Lynn",Female
Southern_New_York,"Cote, Denise",Female
Southern_New_York,"Cronan, John Peter",Male
Southern_New_York,"Crotty, Paul Austin",Male
Southern_New_York,"Daniels, George B.",Male
Southern_New_York,"Engelmayer, Paul Adam",Male
Southern_New_York,"Failla, Katherine Polk",Female
Southern_New_York,"Furman, Jesse Matthew",Male
Southern_New_York,"Gardephe, Paul G.",Male
Southern_New_York,"Garnett, Margaret M.",Female
Southern_New_York,"Haight, Charles Sherman, Jr.",Male
Southern_New_York,"Halpern, Philip Morgan",Male
Southern_New_York,"Hellerstein, Alvin K.",Male
Southern_New_York,"Ho, Dale Edwin",Male
Southern_New_York,"Kaplan, Lewis A.",Male
Southern_New_York,"Karas, Kenneth M.",Male
Southern_New_York,"Keenan, John Fontaine",Male
Southern_New_York,"Koeltl, John George",Male
Southern_New_York,"Liman, Lewis Jeffrey",Male
Southern_New_York,"Marrero, Victor",Male
Southern_New_York,"McMahon, Colleen",Female
Southern_New_York,"Oetken, James Paul",Male
Southern_New_York,"Preska, Loretta A.",Female
Southern_New_York,"Rakoff, Jed Saul",Male
Southern_New_York,"Ramos, Edgardo",Male
Southern_New_York,"Rearden, Jennifer Hutchison",Female
Southern_New_York,"Rochon, Jennifer Louise",Female
Southern_New_York,"Román, Nelson Stephen",Male
Southern_New_York,"Schofield, Lorna Gail",Female
Southern_New_York,"Seibel, Cathy",Female
Southern_New_York,"Stanton, Louis Lee",Male
Southern_New_York,"Stein, Sidney H.",Male
Southern_New_York,"Subramanian, Arun Srinivas",Male
Southern_New_York,"Swain, Laura Taylor",Female
Southern_New_York,"Torres, Analisa Nadine",Female
Southern_New_York,"Vyskocil, Mary Kay",Female
Southern_New_York,"Wood, Kimba Maureen",Female
Southern_New_York,"Woods, Gregory Howard III",Male
Eastern Virginia,"Allen, Arenda Lauretta Wright",Female
Eastern Virginia,"Alston, Rossie David, Jr.",Male
Eastern Virginia,"Brinkema, Leonie M.",Female
Eastern Virginia,"Davis, Mark Steven",Male
Eastern Virginia,"Ellis, Thomas Selby III",Male
Eastern Virginia,"Gibney, John Adrian, Jr.",Male
Eastern Virginia,"Giles, Patricia Tolliver",Female
Eastern Virginia,"Hanes, Elizabeth Wilson",Female
Eastern Virginia,"Hilton, Claude M.",Male
Eastern Virginia,"Hudson, Henry E.",Male
Eastern Virginia,"Jackson, Raymond Alvin",Male
Eastern Virginia,"Lauck, M[ary] Hannah",Female
Eastern Virginia,"Nachmanoff, Michael Stefan",Male
Eastern Virginia,"Novak, David John",Male
Eastern Virginia,"Payne, Robert E.",Male
Eastern Virginia,"Smith, Rebecca Beach",Female
Eastern Virginia,"Trenga, Anthony John",Male
Eastern Virginia,"Walker, Jamar Kentrell",Male
Eastern Virginia,"Young, Roderick Charles",Male
South Dakota,"Kornmann, Charles B.",Male
South Dakota,"Lange, Roberto Antonio",Male
South Dakota,"Piersol, Lawrence L.",Male
South Dakota,"Schreier, Karen E.",Female
New_Hampshire,"Barbadoro, Paul J.",Male
New_Hampshire,"Elliott, Samantha Dowd",Female
New_Hampshire,"Laplante, Joseph Normand",Male
New_Hampshire,"McAuliffe, Steven J.",Male
New_Hampshire,"McCafferty, Landya B.",Female
Northern Texas,"Boyle, Jane J.",Female
Northern Texas,"Brown, Ada Elene",Female
Northern Texas,"Cummings, Samuel Ray",Male
Northern Texas,"Fish, A[llen] Joe",Male
Northern Texas,"Fitzwater, Sidney Allen",Male
Northern Texas,"Godbey, David C.",Male
Northern Texas,"Hendrix, James Wesley",Male
Northern Texas,"Kacsmaryk, Matthew Joseph",Male
Northern Texas,"Kinkeade, James E.",Male
Northern Texas,"Lindsay, Sam A.",Male
Northern Texas,"Lynn, Barbara M.",Female
Northern Texas,"Maloney, Robert B.",Male
Northern Texas,"Means, Terry R.",Male
Northern Texas,"O'Connor, Reed Charles",Male
Northern Texas,"Pittman, Mark Timothy",Male
Northern Texas,"Scholer, Karen Gren",Female
Northern Texas,"Starr, Brantley David",Male
Kansas,"Belot, Monti L.",Male
Kansas,"Broomes, John Wesley",Male
Kansas,"Crabtree, Daniel Dale",Male
Kansas,"Crouse, Toby Jon",Male
Kansas,"Lungstrum, John Watson",Male
Kansas,"Melgren, Eric F.",Male
Kansas,"Robinson, Julie A.",Female
Kansas,"Teeter, Holly Lou",Female
Kansas,"Vratil, Kathryn Hoefer",Female
Central_Illinois,"Bruce, Colin Stirling",Male
Central_Illinois,"Darrow, Sara Lynn",Female
Central_Illinois,"Lawless, Colleen Rae",Female
Central_Illinois,"McDade, Joe Billy",Male
Central_Illinois,"Mihm, Michael Martin",Male
Central_Illinois,"Myerscough, Sue Ellen",Female
Central_Illinois,"Shadid, James Edward",Male
Southern West Virginia,"Berger, Irene Cornelia",Female
Southern West Virginia,"Chambers, Robert Charles",Male
Southern West Virginia,"Copenhaver, John Thomas, Jr.",Male
Southern West Virginia,"Faber, David A.",Male
Southern West Virginia,"Goodwin, Joseph Robert",Male
Southern West Virginia,"Johnston, Thomas E.",Male
Southern West Virginia,"Volk, Frank William",Male
Western Virginia,"Ballou, Robert Stewart",Male
Western Virginia,"Cullen, Thomas Tullidge",Male
Western Virginia,"Dillon, Elizabeth Kay",Female
Western Virginia,"Jones, James Parker",Male
Western Virginia,"Moon, Norman K.",Male
Western Virginia,"Urbanski, Michael Francis",Male
Nebraska,"Bataillon, Joseph F.",Male
Nebraska,"Buescher, Brian Craig",Male
Nebraska,"Gerrard, John Melvin",Male
Nebraska,"Kopf, Richard George",Male
Nebraska,"Rossiter, Robert F., Jr.",Male
Montana,"Christensen, Dana Lewis",Male
Montana,"Haddon, Sam E.",Male
Montana,"Molloy, Donald W.",Male
Montana,"Morris, Brian Matthew",Male
Montana,"Watters, Susan Pamela",Female
Western Washington,"Bryan, Robert Jensen",Male
Western Washington,"Cartwright, Tiffany Mae",Female
Western Washington,"Chun, John Hyungseung",Male
Western Washington,"Coughenour, John C.",Male
Western Washington,"Dimmick, Carolyn R.",Female
Western Washington,"Estudillo, David",Male
Western Washington,"Evanson, Kymberly Kathryn",Female
Western Washington,"Jones, Richard A.",Male
Western Washington,"King, Lauren Jennifer",Female
Western Washington,"Lasnik, Robert S.",Male
Western Washington,"Lin, Tana",Female
Western Washington,"Martinez, Ricardo S.",Male
Western Washington,"Pechman, Marsha J.",Female
Western Washington,"Robart, James L.",Male
Western Washington,"Rothstein, Barbara Jacobs",Female
Western Washington,"Settle, Benjamin Hale",Male
Western Washington,"Whitehead, Jamal Norman",Male
Western Washington,"Zilly, Thomas Samuel",Male
Western Texas,"Albright, Alan D",Male
Western Texas,"Biery, Samuel Frederick, Jr.",Male
Western Texas,"Briones, David",Male
Western Texas,"Cardone, Kathleen",Female
Western Texas,"Counts, Walter David III",Male
Western Texas,"Garcia, Orlando Luis",Male
Western Texas,"Guaderrama, David Campos",Male
Western Texas,"Junell, Robert A.",Male
Western Texas,"Montalvo, Frank",Male
Western Texas,"Moses, Alia",Female
Western Texas,"Nowlin, James Robertson",Male
Western Texas,"Pitman, Robert Lee",Male
Western Texas,"Pulliam, Jason Kenneth",Male
Western Texas,"Rodriguez, Xavier",Male
Western Texas,"Sparks, Sam",Male
Western_New_Jersey,,Female
Western Tennessee,"Anderson, Stanley Thomas",Male
Western Tennessee,"Breen, J. Daniel",Male
Western Tennessee,"Fowlkes, John Thomas, Jr.",Male
Western Tennessee,"Lipman, Sheryl Halle",Female
Western Tennessee,"Mays, Samuel H., Jr.",Male
Western Tennessee,"McCalla, Jon Phipps",Male
Western Tennessee,"Norris, Mark Saalfield, Sr.",Male
Western Tennessee,"Parker, Thomas Lee Robinson",Male
Western Tennessee,"Todd, James Dale",Male
Southern_Iowa,"Ebinger, Rebecca Goodgame",Female
Southern_Iowa,"Gritzner, James E.",Male
Southern_Iowa,"Locher, Stephen Henley",Male
Southern_Iowa,"Longstaff, Ronald Earl",Male
Southern_Iowa,"Pratt, Robert W.",Male
Southern_Iowa,"Rose, Stephanie Marie",Female
Southern_Ohio,"Barrett, Michael Ryan",Male
Southern_Ohio,"Beckwith, Sandra Shank",Female
Southern_Ohio,"Black, Timothy Seymour",Male
Southern_Ohio,"Cole, Douglas Russell",Male
Southern_Ohio,"Dlott, Susan J.",Female
Southern_Ohio,"Graham, James L.",Male
Southern_Ohio,"Hopkins, Jeffery Paul",Male
Southern_Ohio,"Marbley, Algenon L.",Male
Southern_Ohio,"McFarland, Matthew Walden",Male
Southern_Ohio,"Morrison, Sarah Daggett",Female
Southern_Ohio,"Newman, Michael Jay",Male
Southern_Ohio,"Rice, Walter Herbert",Male
Southern_Ohio,"Rose, Thomas M.",Male
Southern_Ohio,"Sargus, Edmund A., Jr.",Male
Southern_Ohio,"Watson, Michael H.",Male
Southern_Ohio,"Weber, Herman Jacob",Male
Alaska,"Beistline, Ralph R.",Male
Alaska,"Burgess, Timothy Mark",Male
Alaska,"Gleason, Sharon Louise",Female
Alaska,"Holland, H[ezekiah] Russel",Male
Alaska,"Kindred, Joshua Michael",Male
Alaska,"Sedwick, John W.",Male
Alaska,"Singleton, James Keith, Jr.",Male
Northern_Oklahoma,"Dowdell, John Edward",Male
Northern_Oklahoma,"Eagan, Claire",Female
Northern_Oklahoma,"Frizzell, Gregory Kent",Male
Northern_Oklahoma,"Heil, John Frederick III",Male
Northern_Oklahoma,"Kern, Terence C.",Male
Northern_Oklahoma,"Payne, James H.",Male
Idaho,"Brailsford, Amanda Kathleen",Female
Idaho,"Lodge, Edward J.",Male
Idaho,"Nye, David Charles",Male
Idaho,"Winmill, B. Lynn",Male
Southern_Florida,"Altman, Roy Kalman",Male
Southern_Florida,"Altonaga, Cecilia M.",Female
Southern_Florida,"Bloom, Beth Francine",Female
Southern_Florida,"Cannon, Aileen Mercedes",Female
Southern_Florida,"Cohn, James I.",Male
Southern_Florida,"Dimitrouleas, William P.",Male
Southern_Florida,"Gayles, Darrin Phillip",Male
Southern_Florida,"Gold, Alan Stephen",Male
Southern_Florida,"Gonzalez, Jose Alejandro, Jr.",Male
Southern_Florida,"Graham, Donald L.",Male
Southern_Florida,"Huck, Paul C.",Male
Southern_Florida,"Hurley, Daniel T. K.",Male
Southern_Florida,"King, James Lawrence",Male
Southern_Florida,"Lenard, Joan A.",Female
Southern_Florida,"Marra, Kenneth A.",Male
Southern_Florida,"Martinez, Jose E.",Male
Southern_Florida,"Middlebrooks, Donald M.",Male
Southern_Florida,"Moore, Kevin Michael",Male
Southern_Florida,"Moreno, Federico A.",Male
Southern_Florida,"Rosenberg, Robin Lee",Female
Southern_Florida,"Ruiz, Rodolfo Armando II",Male
Southern_Florida,"Scola, Robert Nichols, Jr.",Male
Southern_Florida,"Seitz, Patricia A.",Female
Southern_Florida,"Singhal, Anuraag Hari",Male
Southern_Florida,"Smith, Rodney",Male
Southern_Florida,"Williams, Kathleen Mary",Female
Southern_Florida,"Zloch, William J.",Male
Western Wisconsin,"Conley, William Martin",Male
Western Wisconsin,"Crabb, Barbara Brandriff",Female
Western Wisconsin,"Peterson, James Donald",Male
Northern_Ohio,"Adams, John R.",Male
Northern_Ohio,"Barker, Pamela Ann",Female
Northern_Ohio,"Boyko, Christopher A.",Male
Northern_Ohio,"Brennan, Bridget Meehan",Female
Northern_Ohio,"Calabrese, J. Philip",Male
Northern_Ohio,"Carr, James G.",Male
Northern_Ohio,"Economus, Peter C.",Male
Northern_Ohio,"Fleming, Charles Esque",Male
Northern_Ohio,"Gaughan, Patricia Anne",Female
Northern_Ohio,"Gwin, James S.",Male
Northern_Ohio,"Helmick, Jeffrey James",Male
Northern_Ohio,"Knepp, James Ray II",Male
Northern_Ohio,"Lioi, Sara Elizabeth",Female
Northern_Ohio,"Nugent, Donald C.",Male
Northern_Ohio,"Oliver, Solomon, Jr.",Male
Northern_Ohio,"Pearson, Benita Yalonda",Female
Northern_Ohio,"Polster, Dan A.",Male
Northern_Ohio,"Ruiz, David Augustin",Male
Northern_Ohio,"Zouhary, Jack",Male
Hawaii,"Ezra, David Alan",Male
Hawaii,"Gillmor, Helen W.",Female
Hawaii,"Kay, Alan Cooke",Male
Hawaii,"Kobayashi, Leslie Emi",Female
Hawaii,"Mollway, Susan Oki",Female
Hawaii,"Otake, Jill Aiko",Female
Hawaii,"Park, Shanlyn Alohakeao Souza",Female
Hawaii,"Seabright, J[ohn] Michael",Male
Hawaii,"Smith, Micah William Janso",Male
Hawaii,"Watson, Derrick Kahala",Male
Orleans_names,,Female
Eastern_Louisiana,"Africk, Lance M.",Male
Eastern_Louisiana,"Ashe, Barry Weldon",Male
Eastern_Louisiana,"Barbier, Carl J.",Male
Eastern_Louisiana,"Berrigan, Helen Ginger",Female
Eastern_Louisiana,"Brown, Nannette Jolivette",Female
Eastern_Louisiana,"Fallon, Eldon E.",Male
Eastern_Louisiana,"Guidry, Greg Gerard",Male
Eastern_Louisiana,"Lemelle, Ivan L. R.",Male
Eastern_Louisiana,"Lemmon, Mary Ann Vial",Female
Eastern_Louisiana,"Milazzo, Jane Margaret Triche",Female
Eastern_Louisiana,"Morgan, Susie",Female
Eastern_Louisiana,"Papillion, Darrel James",Male
Eastern_Louisiana,"Vance, Sarah S.",Female
Eastern_Louisiana,"Vitter, Wendy Baldwin",Female
Eastern_Louisiana,"Zainey, Jay C.",Male
Delaware,"Andrews, Richard Gibson",Male
Delaware,"Connolly, Colm Felix",Male
Delaware,"Hall, Jennifer Lynne",Female
Delaware,"Longobardi, Joseph J.",Male
Delaware,"Noreika, Maryellen",Female
Delaware,"Williams, Gregory Brian",Male
Eastern_Missouri,"Autrey, Henry Edward",Male
Eastern_Missouri,"Clark, Stephen Robert, Sr.",Male
Eastern_Missouri,"Filippine, Edward Louis",Male
Eastern_Missouri,"Fleissig, Audrey Goldstein",Female
Eastern_Missouri,"Hamilton, Jean Constance",Female
Eastern_Missouri,"Laughrey, Nanette Kay",Female
Eastern_Missouri,"Limbaugh, Stephen Nathaniel, Jr.",Male
Eastern_Missouri,"Perry, Catherine D.",Female
Eastern_Missouri,"Pitlyk, Sarah Elizabeth",Female
Eastern_Missouri,"Ross, John Andrew",Male
Eastern_Missouri,"Schelp, Matthew Thomas",Male
Eastern_Missouri,"Sippel, Rodney W.",Male
Eastern_Missouri,"Webber, E. Richard",Male
Eastern_Missouri,"White, Ronnie Lee",Male
Eastern_Missouri,"Wimes, Brian Curtis",Male
Western_Oklahoma,"Alley, Wayne Edward",Male
Western_Oklahoma,"Cauthron, Robin J.",Female
Western_Oklahoma,"DeGiusti, Timothy D.",Male
Western_Oklahoma,"Dishman, Jodi Warmbrod",Female
Western_Oklahoma,"Friot, Stephen P.",Male
Western_Oklahoma,"Goodwin, Charles Barnes",Male
Western_Oklahoma,"Heaton, Joe L.",Male
Western_Oklahoma,"Heil, John Frederick III",Male
Western_Oklahoma,"Jones, Bernard M.",Male
Western_Oklahoma,"Leonard, Timothy D.",Male
Western_Oklahoma,"Miles-LaGrange, Vicki",Female
Western_Oklahoma,"Palk, Scott Lawrence",Male
Western_Oklahoma,"Payne, James H.",Male
Western_Oklahoma,"Russell, David Lynn",Male
Western_Oklahoma,"Wyrick, Patrick Robert",Male
Western_Kentucky,"Beaton, Benjamin Joel",Male
Western_Kentucky,"Boom, Claria Horn",Female
Western_Kentucky,"Hale, David Jason",Male
Western_Kentucky,"Jennings, Rebecca Grady",Female
Western_Kentucky,"McKinley, Joseph H., Jr.",Male
Western_Kentucky,"Simpson, Charles Ralph III",Male
Western_Kentucky,"Stivers, Gregory N.",Male
Western_South_Carolina,,Female
Eastern_New_York,"Amon, Carol Bagley",Female
Eastern_New_York,"Azrack, Joan Marie",Female
Eastern_New_York,"Block, Frederic",Male
Eastern_New_York,"Brodie, Margo Kitsy",Female
Eastern_New_York,"Brown, Gary Richard",Male
Eastern_New_York,"Chen, Pamela Ki Mai",Female
Eastern_New_York,"Choudhury, Nusrat Jahan",Female
Eastern_New_York,"Cogan, Brian Mark",Male
Eastern_New_York,"DeArcy Hall, LaShann Moutique",Female
Eastern_New_York,"Dearie, Raymond Joseph",Male
Eastern_New_York,"Donnelly, Ann Marie",Female
Eastern_New_York,"Garaufis, Nicholas",Male
Eastern_New_York,"Gershon, Nina",Female
Eastern_New_York,"Glasser, Israel Leo",Male
Eastern_New_York,"Gonzalez, Hector",Male
Eastern_New_York,"Gujarati, Diane",Female
Eastern_New_York,"Hurley, Denis Reagan",Male
Eastern_New_York,"Irizarry, Dora L.",Female
Eastern_New_York,"Komitee, Eric Ross",Male
Eastern_New_York,"Korman, Edward Robert",Male
Eastern_New_York,"Kovner, Rachel Peter",Female
Eastern_New_York,"Kuntz, William Francis II",Male
Eastern_New_York,"Matsumoto, Kiyo A.",Female
Eastern_New_York,"Mauskopf, Roslynn Renee",Female
Eastern_New_York,"Merchant, Orelia Eleta",Female
Eastern_New_York,"Merle, Natasha Clarise",Female
Eastern_New_York,"Morrison, Nina Rauh",Female
Eastern_New_York,"Reyes, Ramon Ernesto, Jr.",Male
Eastern_New_York,"Ross, Allyne R.",Female
Eastern_New_York,"Seybert, Joanna",Female
Eastern_New_York,"Vitaliano, Eric Nicholas",Male
Northern_California,"Alsup, William Haskell",Male
Northern_California,"Armstrong, Saundra Brown",Female
Northern_California,"Breyer, Charles R.",Male
Northern_California,"Chen, Edward Milton",Male
Northern_California,"Chesney, Maxine M.",Female
Northern_California,"Chhabria, Vince Girdhari",Male
Northern_California,"Corley, Jacqueline Scott",Female
Northern_California,"Davila, Edward John",Male
Northern_California,"Donato, James",Male
Northern_California,"Freeman, Beth Labson",Female
Northern_California,"Gilliam, Haywood Stirling, Jr.",Male
Northern_California,"Hamilton, Phyllis Jean",Female
Northern_California,"Henderson, Thelton Eugene",Male
Northern_California,"Illston, Susan Yvonne",Female
Northern_California,"Lin, Rita Faye",Female
Northern_California,"Martinez-Olguin, Araceli",Female
Northern_California,"Orrick, William Horsley III",Male
Northern_California,"Pitts, Patrick Casey",Male
Northern_California,"Rogers, Yvonne Gonzalez",Female
Northern_California,"Seeborg, Richard G.",Male
Northern_California,"Thompson, Trina Lynn",Female
Northern_California,"Tigar, Jon Steven",Male
Northern_California,"White, Jeffrey Steven",Male
Northern_California,"Wilken, Claudia Ann",Female
Eastern Pennsylvania,"Bartle, Harvey III",Male
Eastern Pennsylvania,"Baylson, Michael M.",Male
Eastern Pennsylvania,"Beetlestone, Wendy",Female
Eastern Pennsylvania,"Brody, Anita Blumstein",Female
Eastern Pennsylvania,"Buckwalter, Ronald Lawrence",Male
Eastern Pennsylvania,"Davis, Legrome D.",Male
Eastern Pennsylvania,"Diamond, Paul Steven",Male
Eastern Pennsylvania,"DuBois, Jan Ely",Male
Eastern Pennsylvania,"Gallagher, John Michael",Male
Eastern Pennsylvania,"Goldberg, Mitchell S.",Male
Eastern Pennsylvania,"Hodge, Kelley Brisbon",Female
Eastern Pennsylvania,"Jones, C. Darnell II",Male
Eastern Pennsylvania,"Kearney, Mark A.",Male
Eastern Pennsylvania,"Kelly, Robert F.",Male
Eastern Pennsylvania,"Kenney, Chad Francis, Sr.",Male
Eastern Pennsylvania,"Leeson, Joseph F., Jr.",Male
Eastern Pennsylvania,"Marston, Karen Spencer",Female
Eastern Pennsylvania,"McHugh, Gerald Austin, Jr.",Male
Eastern Pennsylvania,"Murphy, John Frank",Male
Eastern Pennsylvania,"Padova, John R.",Male
Eastern Pennsylvania,"Pappert, Gerald John",Male
Eastern Pennsylvania,"Perez, Mia Roberts",Female
Eastern Pennsylvania,"Pratter, Gene E.K.",Female
Eastern Pennsylvania,"Quiñones Alejandro, Nitza Ileana",Female
Eastern Pennsylvania,"Rufe, Cynthia M.",Female
Eastern Pennsylvania,"Sánchez, Juan Ramon",Male
Eastern Pennsylvania,"Savage, Timothy J.",Male
Eastern Pennsylvania,"Schiller, Berle M.",Male
Eastern Pennsylvania,"Schmehl, Jeffrey L.",Male
Eastern Pennsylvania,"Scott, Kai Niambi",Female
Eastern Pennsylvania,"Slomsky, Joel Harvey",Male
Eastern Pennsylvania,"Surrick, R[ichard] Barclay",Male
Eastern Pennsylvania,"Tucker, Petrese B.",Female
Eastern Pennsylvania,"Wolson, Joshua David",Male
Eastern Pennsylvania,"Yohn, William Hendricks, Jr.",Male
Eastern Pennsylvania,"Younge, John Milton",Male
North Dakota,"Conmy, Patrick Anthony",Male
North Dakota,"Hovland, Daniel L.",Male
North Dakota,"Traynor, Daniel Mack",Male
North Dakota,"Welte, Peter David",Male
Middle Pennsylvania,"Brann, Matthew William",Male
Middle Pennsylvania,"Conner, Christopher C.",Male
Middle Pennsylvania,"Kane, Yvette",Female
Middle Pennsylvania,"Mannion, Malachy Edward",Male
Middle Pennsylvania,"Mariani, Robert David",Male
Middle Pennsylvania,"Munley, Julia Kathleen",Female
Middle Pennsylvania,"Rambo, Sylvia H.",Female
Middle Pennsylvania,"Wilson, Jennifer Philpott",Female
Maine,"Hornby, David Brock",Male
Maine,"Levy, Jon David",Male
Maine,"Singal, George Z.",Male
Maine,"Torresen, Nancy",Female
Maine,"Walker, Lance Edward",Male
Maine,"Woodcock, John A., Jr.",Male
Middle North Carolina,"Biggs, Loretta Copeland",Female
Middle North Carolina,"Eagles, Catherine Caldwell",Female
Middle North Carolina,"Osteen, William Lindsay, Jr.",Male
Middle North Carolina,"Schroeder, Thomas D.",Male
Middle North Carolina,"Tilley, Norwood Carlton, Jr.",Male
D_Columbia,"AliKhan, Loren Linn",Female
D_Columbia,"Bates, John D.",Male
D_Columbia,"Boasberg, James Emanuel",Male
D_Columbia,"Chutkan, Tanya Sue",Female
D_Columbia,"Cobb, Jia Michelle",Female
D_Columbia,"Collyer, Rosemary M.",Female
D_Columbia,"Contreras, Rudolph",Male
D_Columbia,"Cooper, Christopher Reid",Male
D_Columbia,"Friedman, Paul L.",Male
D_Columbia,"Friedrich, Dabney Langhorne",Female
D_Columbia,"Green, Joyce Hens",Female
D_Columbia,"Hogan, Thomas Francis",Male
D_Columbia,"Howell, Beryl Alaine",Female
D_Columbia,"Huvelle, Ellen Segal",Female
D_Columbia,"Jackson, Amy Berman",Female
D_Columbia,"Kelly, Timothy James",Male
D_Columbia,"Kennedy, Henry Harold, Jr.",Male
D_Columbia,"Kollar-Kotelly, Colleen",Female
D_Columbia,"Lamberth, Royce C.",Male
D_Columbia,"Leon, Richard J.",Male
D_Columbia,"McFadden, Trevor Neil",Male
D_Columbia,"Mehta, Amit Priyavadan",Male
D_Columbia,"Moss, Randolph Daniel",Male
D_Columbia,"Nichols, Carl John",Male
D_Columbia,"Reyes, Ana Cecilia",Female
D_Columbia,"Roberts, Richard W.",Male
D_Columbia,"Sullivan, Emmet G.",Male
D_Columbia,"Walton, Reggie B.",Male
Middle Tennessee,"Campbell, William Lynn, Jr.",Male
Middle Tennessee,"Crenshaw, Waverly David, Jr.",Male
Middle Tennessee,"Richardson, Eli Jeremy",Male
Middle Tennessee,"Trauger, Aleta Arthur",Female
Eastern_New_Jersey,,Female
Eastern_Kentucky,"Bertelsman, William Odis",Male
Eastern_Kentucky,"Boom, Claria Horn",Female
Eastern_Kentucky,"Bunning, David L.",Male
Eastern_Kentucky,"Caldwell, Karen K.",Female
Eastern_Kentucky,"Hood, Joseph Martin",Male
Eastern_Kentucky,"Reeves, Danny C.",Male
Eastern_Kentucky,"Van Tatenhove, Gregory Frederick",Male
Eastern_Kentucky,"Wier, Robert Earl",Male
Eastern_South_Carolina,,Female
Utah,"Barlow, David Bruce",Male
Utah,"Campbell, Tena",Female
Utah,"Kimball, Dale A.",Male
Utah,"Nielson, Howard Curtis, Jr.",Male
Utah,"Nuffer, David Ogden",Male
Utah,"Parrish, Jill N.",Female
Utah,"Sam, David",Male
Utah,"Shelby, Robert James",Male
Utah,"Stewart, Brian Theadore",Male
Utah,"Waddoups, Clark",Male
Middle_Georgia,"Gardner, Leslie Abrams",Female
Middle_Georgia,"Land, Clay D.",Male
Middle_Georgia,"Lawson, Hugh",Male
Middle_Georgia,"Royal, C. Ashley",Male
Middle_Georgia,"Sands, W[illie] Louis",Male
Middle_Georgia,"Self, Tilman Eugene III",Male
Middle_Georgia,"Treadwell, Marc Thomas",Male
Middle_Alabama,"Albritton, William Harold III",Male
Middle_Alabama,"Huffaker, R. Austin, Jr.",Male
Middle_Alabama,"Marks, Emily Coody",Female
Middle_Alabama,"Thompson, Myron Herbert",Male
Middle_Alabama,"Watkins, William Keith",Male
Colorado,"Arguello, Christine M.",Female
Colorado,"Babcock, Lewis Thornton",Male
Colorado,"Blackburn, Robert E.",Male
Colorado,"Brimmer, Philip A.",Male
Colorado,"Domenico, Daniel Desmond",Male
Colorado,"Gallagher, Gordon Paul",Male
Colorado,"Jackson, Richard Brooke",Male
Colorado,"Kane, John L., Jr.",Male
Colorado,"Krieger, Marcia S.",Female
Colorado,"Martinez, William Joseph",Male
Colorado,"Moore, Raymond Paul",Male
Colorado,"Rodriguez, Regina Marie",Female
Colorado,"Sweeney, Charlotte Noelle",Female
Colorado,"Wang, Nina Nin-Yuen",Female
Western_Arkansas,"Brooks, Timothy Lloyd",Male
Western_Arkansas,"Dawson, Robert Toombs",Male
Western_Arkansas,"Hendren, Jimm Larry",Male
Western_Arkansas,"Hickey, Susan Owens",Female
Western_Arkansas,"Holmes, Paul Kinloch III",Male
Eastern_Michigan,"Behm, Frances Kay",Female
Eastern_Michigan,"Berg, Terrence George",Male
Eastern_Michigan,"Borman, Paul D.",Male
Eastern_Michigan,"Cleland, Robert Hardy",Male
Eastern_Michigan,"Cox, Sean Francis",Male
Eastern_Michigan,"DeClercq, Susan Kim",Female
Eastern_Michigan,"Drain, Gershwin Allen",Male
Eastern_Michigan,"Edmunds, Nancy Garlock",Female
Eastern_Michigan,"Friedman, Bernard A.",Male
Eastern_Michigan,"Goldsmith, Mark Allan",Male
Eastern_Michigan,"Grey, Jonathan James Canada",Male
Eastern_Michigan,"Hood, Denise Page",Female
Eastern_Michigan,"Kumar, Shalina Deborah",Female
Eastern_Michigan,"Lawson, David M.",Male
Eastern_Michigan,"Leitman, Matthew Frederick",Male
Eastern_Michigan,"Levy, Judith Ellen",Female
Eastern_Michigan,"Ludington, Thomas Lamson",Male
Eastern_Michigan,"McMillion, Brandy Renée",Female
Eastern_Michigan,"Michelson, Laurie Jill",Female
Eastern_Michigan,"Murphy, Stephen Joseph III",Male
Eastern_Michigan,"O'Meara, John Corbett",Male
Eastern_Michigan,"Parker, Linda Vivienne",Female
Eastern_Michigan,"Steeh, George Caram III",Male
Northern_Florida,"Collier, Lacey A.",Male
Northern_Florida,"Hinkle, Robert Lewis",Male
Northern_Florida,"Rodgers, Margaret Catharine",Female
Northern_Florida,"Stafford, William Henry, Jr.",Male
Northern_Florida,"Walker, Mark Eaton",Male
Northern_Florida,"Wetherell, T. Kent II",Male
Northern_Florida,"Winsor, Allen Cothrel",Male
New_Bern_Wilmington_NorthCarolina,,Female
Eastern Washington,"Bastian, Stanley Allen",Male
Eastern Washington,"Dimke, Mary Katherine",Female
Eastern Washington,"Nielsen, William Fremming",Male
Eastern Washington,"Peterson, Rosanna Malouf",Female
Eastern Washington,"Quackenbush, Justin Lowe",Male
Eastern Washington,"Rice, Thomas Owen",Male
Eastern Washington,"Shea, Edward F.",Male
Eastern Washington,"Suko, Lonny R.",Male
Eastern Washington,"Whaley, Robert H.",Male
Western_Louisiana,"Cain, James David, Jr.",Male
Western_Louisiana,"Doughty, Terry Alvin",Male
Western_Louisiana,"Drell, Dee D.",Male
Western_Louisiana,"Foote, Elizabeth Erny",Female
Western_Louisiana,"Hicks, S. Maurice, Jr.",Male
Western_Louisiana,"James, Robert Gillespie",Male
Western_Louisiana,"Joseph, David Cleveland",Male
Western_Louisiana,"Melancon, Tucker L.",Male
Western_Louisiana,"Summerhays, Robert Rees",Male
Western_Louisiana,"Trimble, James Travis, Jr.",Male
Western_Louisiana,"Walter, Donald Ellsworth",Male
Massachusetts,"Burroughs, Allison Dale",Female
Massachusetts,"Casper, Denise Jefferson",Female
Massachusetts,"Gorton, Nathaniel M.",Male
Massachusetts,"Guzman, Margaret Rose",Female
Massachusetts,"Harrington, Edward Francis",Male
Massachusetts,"Hillman, Timothy Spafard",Male
Massachusetts,"Joun, Myong Jin",Male
Massachusetts,"Kelley, Angel",Female
Massachusetts,"Kobick, Julia Eleanor",Female
Massachusetts,"Mastroianni, Mark Gerald",Male
Massachusetts,"O'Toole, George A., Jr.",Male
Massachusetts,"Ponsor, Michael Adrian",Male
Massachusetts,"Saris, Patti B.",Female
Massachusetts,"Saylor, F. Dennis IV",Male
Massachusetts,"Sorokin, Leo Theodore",Male
Massachusetts,"Stearns, Richard Gaylore",Male
Massachusetts,"Talwani, Indira",Female
Massachusetts,"Wolf, Mark Lawrence",Male
Massachusetts,"Woodlock, Douglas Preston",Male
Massachusetts,"Young, William G.",Male
Massachusetts,"Zobel, Rya Weickert",Female
Northern_Illinois,"Alonso, Jorge Luis",Male
Northern_Illinois,"Aspen, Marvin E.",Male
Northern_Illinois,"Blakey, John Robert",Male
Northern_Illinois,"Bucklo, Elaine E.",Female
Northern_Illinois,"Chang, Edmond E-Min",Male
Northern_Illinois,"Coleman, Sharon Johnson",Female
Northern_Illinois,"Conlon, Suzanne B.",Female
Northern_Illinois,"Cummings, Jeffrey Irvine",Male
Northern_Illinois,"Daniel, Jeremy Christen",Male
Northern_Illinois,"Dow, Robert Michael, Jr.",Male
Northern_Illinois,"Durkin, Thomas Michael",Male
Northern_Illinois,"Ellis, Sara Lee",Female
Northern_Illinois,"Gettleman, Robert William",Male
Northern_Illinois,"Gottschall, Joan B.",Female
Northern_Illinois,"Guzman, Ronald A.",Male
Northern_Illinois,"Hunt, LaShonda Annette",Female
Northern_Illinois,"Jenkins, Lindsay Clayton",Female
Northern_Illinois,"Johnston, Iain David",Male
Northern_Illinois,"Kapala, Frederick J.",Male
Northern_Illinois,"Kendall, Virginia Mary",Female
Northern_Illinois,"Kennelly, Matthew F.",Male
Northern_Illinois,"Kness, John Fitzgerald",Male
Northern_Illinois,"Kocoras, Charles Petros",Male
Northern_Illinois,"Lefkow, Joan Humphrey",Female
Northern_Illinois,"Leinenweber, Harry Daniel",Male
Northern_Illinois,"Maldonado, Nancy Lee",Female
Northern_Illinois,"Marovich, George Michael",Male
Northern_Illinois,"Norgle, Charles Ronald, Sr.",Male
Northern_Illinois,"Pacold, Martha Maria",Female
Northern_Illinois,"Pallmeyer, Rebecca R.",Female
Northern_Illinois,"Reinhard, Philip Godfrey",Male
Northern_Illinois,"Rowland, Mary Margaret",Female
Northern_Illinois,"Seeger, Steven Charles",Male
Northern_Illinois,"Shah, Manish Suresh",Male
Northern_Illinois,"Tharp, John Joseph, Jr.",Male
Northern_Illinois,"Valderrama, Franklin Ulyses",Male
Northern_Illinois,"Wood, Andrea Robin",Female
Northern_Indiana,"Brady, Holly Ann",Female
Northern_Indiana,"DeGuilio, Jon Ernest",Male
Northern_Indiana,"Lee, William Charles",Male
Northern_Indiana,"Leichty, Damon Ray",Male
Northern_Indiana,"Miller, Robert Lowell, Jr.",Male
Northern_Indiana,"Moody, James Tyne",Male
Northern_Indiana,"Simon, Philip P.",Male
Northern_Indiana,"Springmann, Theresa Lazar",Female
Northern_Indiana,"Van Bokkelen, Joseph S.",Male
Western_Michigan,"Beckering, Jane Marie",Female
Western_Michigan,"Jarbou, Hala Yalda",Female
Western_Michigan,"Jonker, Robert James",Male
Western_Michigan,"Maloney, Paul Lewis",Male
Western_Michigan,"Neff, Janet T.",Female
Western_Michigan,"Quist, Gordon Jay",Male
Connecticut,"Arterton, Janet Bond",Female
Connecticut,"Bolden, Victor Allen",Male
Connecticut,"Bryant, Vanessa Lynne",Female
Connecticut,"Chatigny, Robert N.",Male
Connecticut,"Covello, Alfred V.",Male
Connecticut,"Dooley, Kari Anne",Female
Connecticut,"Hall, Janet C.",Female
Connecticut,"Meyer, Jeffrey Alker",Male
Connecticut,"Nagala, Sarala Vidya",Female
Connecticut,"Oliver, Vernon Dion",Male
Connecticut,"Shea, Michael P.",Male
Connecticut,"Thompson, Alvin W.",Male
Connecticut,"Underhill, Stefan R.",Male
Connecticut,"Williams, Omar Antonio",Male
Southern_Georgia,"Baker, R. Stan",Male
Southern_Georgia,"Bowen, Dudley Hollingsworth, Jr.",Male
Southern_Georgia,"Hall, James Randal",Male
Southern_Georgia,"Moore, William Theodore, Jr.",Male
Southern_Georgia,"Wood, Lisa Godbey",Female
Middle_Alabama,"Beaverstock, Jeffrey Uhlman",Male
Middle_Alabama,"Butler, Charles Randolph, Jr.",Male
Middle_Alabama,"DuBose, Kristi",Female
Middle_Alabama,"Granade, Callie V.",Female
Middle_Alabama,"Moorer, Terry Fitzgerald",Male
Middle_Alabama,"Steele, William H.",Male
Eastern Wisconsin,"Adelman, Lynn S.",Male
Eastern Wisconsin,"Griesbach, William C.",Male
Eastern Wisconsin,"Ludwig, Brett Harry",Male
Eastern Wisconsin,"Pepper, Pamela",Female
Eastern Wisconsin,"Stadtmueller, Joseph Peter",Male
Southern_Mississippi,"Bramlette, David C.",Male
Southern_Mississippi,"Guirola, Louis, Jr.",Male
Southern_Mississippi,"Johnson, Kristi Haskins",Female
Southern_Mississippi,"Jordan, Daniel Porter III",Male
Southern_Mississippi,"Lee, Tom Stewart",Male
Southern_Mississippi,"McNeel, Taylor Brantley",Male
Southern_Mississippi,"Ozerden, Halil Suleyman",Male
Southern_Mississippi,"Reeves, Carlton Wayne",Male
Southern_Mississippi,"Starrett, Keith",Male
Southern_Mississippi,"Wingate, Henry Travillion",Male
New_Mexico,"Armijo, M. Christina",Female
New_Mexico,"Brack, Robert C.",Male
New_Mexico,"Browning, James O.",Male
New_Mexico,"Garcia, Matthew Lane",Male
New_Mexico,"Gonzales, Kenneth John",Male
New_Mexico,"Herrera, Judith C.",Female
New_Mexico,"Johnson, William Paul",Male
New_Mexico,"Riggs, Kea Whetzal",Female
New_Mexico,"Strickland, Margaret Irene",Female
New_Mexico,"Urias, David Herrera",Male
New_Mexico,"Vázquez, Martha Alicia",Female
Southern Texas,"Alvarez, Micaela",Female
Southern Texas,"Bennett, Alfred Homer",Male
Southern Texas,"Brown, Jeffrey Vincent",Male
Southern Texas,"Crane, Randy",Male
Southern Texas,"Ellison, Keith P.",Male
Southern Texas,"Eskridge, Charles R. III",Male
Southern Texas,"Garcia Marmolejo, Marina",Female
Southern Texas,"Hanen, Andrew S.",Male
Southern Texas,"Hanks, George Carol, Jr.",Male
Southern Texas,"Harmon, Melinda",Female
Southern Texas,"Head, Hayden Wilson, Jr.",Male
Southern Texas,"Hinojosa, Ricardo H.",Male
Southern Texas,"Hittner, David",Male
Southern Texas,"Hoyt, Kenneth M.",Male
Southern Texas,"Hughes, Lynn Nettleton",Male
Southern Texas,"Jack, Janis Graham",Female
Southern Texas,"Lake, Simeon Timothy III",Male
Southern Texas,"Miller, Gray Hampton",Male
Southern Texas,"Morales, David Steven",Male
Southern Texas,"Olvera, Jose Rolando, Jr.",Male
Southern Texas,"Rainey, John David",Male
Southern Texas,"Ramos, Nelva Gonzales",Female
Southern Texas,"Rodriguez, Fernando, Jr.",Male
Southern Texas,"Rosenthal, Lee Hyman",Female
Southern Texas,"Saldaña, Diana",Female
Southern Texas,"Tagle, Hilda G.",Female
Southern Texas,"Tipton, Drew Barnett",Male
Southern Texas,"Werlein, Ewing, Jr.",Male
Southern_California,"Anello, Michael M.",Male
Southern_California,"Bashant, Cynthia Ann",Female
Southern_California,"Battaglia, Anthony Joseph",Male
Southern_California,"Bencivengo, Cathy Ann",Female
Southern_California,"Benitez, Roger T.",Male
Southern_California,"Burns, Larry Alan",Male
Southern_California,"Curiel, Gonzalo Paul",Male
Southern_California,"Hayes, William Q.",Male
Southern_California,"Houston, John A.",Male
Southern_California,"Huff, Marilyn L.",Female
Southern_California,"Huie, Robert Steven",Male
Southern_California,"Lopez, Linda",Female
Southern_California,"Lorenz, M. James",Male
Southern_California,"Miller, Jeffrey T.",Male
Southern_California,"Montenegro, Ruth Bermudez",Female
Southern_California,"Moskowitz, Barry Ted",Male
Southern_California,"Ohta, Jinsook",Female
Southern_California,"Robinson, Todd Wallace",Male
Southern_California,"Sabraw, Dana Makoto",Male
Southern_California,"Sammartino, Janis Lynn",Female
Southern_California,"Schopler, Andrew George",Male
Southern_California,"Simmons, James Edward, Jr.",Male
Southern_California,"Whelan, Thomas J.",Male
Nevada,"Boulware, Richard Franklin II",Male
Nevada,"Dawson, Kent J.",Male
Nevada,"Dorsey, Jennifer Anna",Female
Nevada,"Du, Miranda Mai",Female
Nevada,"Gordon, Andrew Patrick",Male
Nevada,"Hicks, Larry R.",Male
Nevada,"Hunt, Roger L.",Male
Nevada,"Jones, Robert Clive",Male
Nevada,"Mahan, James C.",Male
Nevada,"McKibben, Howard D.",Male
Nevada,"Navarro, Gloria Maria",Female
Nevada,"Silva, Cristina Dionne",Female
Nevada,"Traum, Anne Rachel",Female
Western North Carolina,"Biggs, Loretta Copeland",Female
Western North Carolina,"Eagles, Catherine Caldwell",Female
Western North Carolina,"Osteen, William Lindsay, Jr.",Male
Western North Carolina,"Schroeder, Thomas D.",Male
Western North Carolina,"Tilley, Norwood Carlton, Jr.",Male
Rhode Island,"Lisi, Mary M.",Female
Rhode Island,"McConnell, John James, Jr.",Male
Rhode Island,"McElroy, Mary Susan",Female
Rhode Island,"Smith, William E.",Male
Eastern Tennessee,"Atchley, Charles Edward, Jr.",Male
Eastern Tennessee,"Collier, Curtis Lynn",Male
Eastern Tennessee,"Corker, Clifton Leland",Male
Eastern Tennessee,"Crytzer, Katherine Amber",Female
Eastern Tennessee,"Edgar, Robert Allan",Male
Eastern Tennessee,"Greer, J. Ronnie",Male
Eastern Tennessee,"Jordan, Robert Leon",Male
Eastern Tennessee,"McDonough, Travis Randall",Male
Eastern Tennessee,"Phillips, Thomas W.",Male
Eastern Tennessee,"Varlan, Thomas A.",Male
Northern_Iowa,"Reade, Linda R.",Female
Northern_Iowa,"Strand, Leonard Terry",Male
Northern_Iowa,"Williams, Charles Joseph",Male
Central_California,"Aenlle-Rocha, Fernando Lazaro",Male
Central_California,"Almadani, Monica Ramirez",Female
Central_California,"Anderson, Percy",Male
Central_California,"Bernal, Jesus Gilberto",Male
Central_California,"Birotte, Andre, Jr.",Male
Central_California,"Blumenfeld, Stanley, Jr.",Male
Central_California,"Carney, Cormac J.",Male
Central_California,"Carter, David O.",Male
Central_California,"Fairbank, Valerie Baker",Female
Central_California,"Fischer, Dale S.",Female
Central_California,"Fitzgerald, Michael Walter",Male
Central_California,"Frimpong, Maame Ewusi-Mensah",Female
Central_California,"Garnett, Sherilyn Peace",Female
Central_California,"Gee, Dolly Maizie",Female
Central_California,"Gutierrez, Philip S.",Male
Central_California,"Hatter, Terry J., Jr.",Male
Central_California,"Holcomb, John William",Male
Central_California,"Hsu, Wesley Liu",Male
Central_California,"Kato, Kenly Kiya",Female
Central_California,"Keller, William Duffy",Male
Central_California,"Klausner, Robert Gary",Male
Central_California,"Kronstadt, John Arnold",Male
Central_California,"Marshall, Consuelo Bland",Female
Central_California,"Olguin, Fernando Manzano",Male
Central_California,"Phillips, Virginia A.",Female
Central_California,"Pregerson, Dean D.",Male
Central_California,"Scarsi, Mark Christopher",Male
Central_California,"Selna, James V.",Male
Central_California,"Slaughter, Fred Wallace",Male
Central_California,"Snyder, Christina A.",Female
Central_California,"Staton, Josephine L.",Female
Central_California,"Sykes, Sunshine Suzanne",Female
Central_California,"Vera, Hernán Diego",Male
Central_California,"Walter, John F.",Male
Central_California,"Wilson, Stephen Victor",Male
Central_California,"Wright, Otis D. II",Male
Central_California,"Wu, George H.",Male
Oregon,"Aiken, Ann L.",Female
Oregon,"Brown, Anna J.",Female
Oregon,"Haggerty, Ancer Lee",Male
Oregon,"Hernandez, Marco Antonio",Male
Oregon,"Immergut, Karin Johanna",Female
Oregon,"Jones, Robert Edward",Male
Oregon,"Marsh, Malcolm Francis",Male
Oregon,"McShane, Michael Jerome",Male
Oregon,"Mosman, Michael W.",Male
Oregon,"Nelson, Adrienne Camille",Female
Oregon,"Simon, Michael H.",Male
Northern_Mississippi,"Aycock, Sharion",Female
Northern_Mississippi,"Brown, Debra Marie",Female
Northern_Mississippi,"Davidson, Glen H.",Male
Northern_Mississippi,"Mills, Michael P.",Male
Vermont,"Crawford, Geoffrey William",Male
Vermont,"Murtha, John Garvan",Male
Vermont,"Reiss, Christina Clair",Female
Vermont,"Sessions, William K. III",Male
Eastern_Arkansas,"Baker, Kristine Gerhard",Female
Eastern_Arkansas,"Marshall, Denzil Price, Jr.",Male
Eastern_Arkansas,"Miller, Brian Stacy",Male
Eastern_Arkansas,"Moody, James Maxwell, Jr.",Male
Eastern_Arkansas,"Rudofsky, Lee Philip",Male
Eastern_Arkansas,"Wilson, Billy Roy",Male
Eastern_Arkansas,"Wright, Susan Webber",Female
